scenario_id,scenario_group,scenario_type,level,target_scope,eps_import_dep,priority_mode,seed,max_iter,z_cost,total_penalty,objective,pen_shortage,pen_import,pen_local,pen_inv_floor,pen_infeas,shortage,import_dep,import_dep_violation,service_rate,local_prod,total_import,total_demand,elapsed_seconds,worst_shortage_prov,worst_shortage_month,worst_shortage_val
S0_BASE,Baseline,baseline,default,default problem data,0.9,balanced,1,500,24130151716381.227,2812394007314.1934,26942545723695.42,0.0,1465929612959.6638,0.0,1346464394354.5293,0.0,0.0,0.9053180833819764,0.005318083381976368,1.0,240944.93890125744,2303838.1359207723,2409333.82,40.045943500008434,0,0,0.0
S0_BASE,Baseline,baseline,default,default problem data,0.9,balanced,2,500,23562148476810.07,1672940025802.8853,25235088502612.953,0.0,871942521039.4652,0.0,800997504763.4199,0.0,0.0,0.9031632235205458,0.003163223520545766,1.0,240982.88998611932,2247564.3205589205,2409333.82,41.72811900032684,0,0,0.0
S0_BASE,Baseline,baseline,default,default problem data,0.9,balanced,3,500,23531977689252.63,2066587041483.3618,25598564730735.992,566958539.2913613,1067535608160.7565,0.0,998484474783.314,0.0,4.955532195447349,0.9038727939781267,0.0038727939781266763,0.9999979431940256,239037.71708333338,2247643.4939459506,2409333.82,42.80722780013457,28,2,2.8370131680384247
S0_BASE,Baseline,baseline,default,default problem data,0.9,balanced,4,500,23328666404860.562,2079704203692.7207,25408370608553.28,0.0,610315866160.806,0.0,1469388337531.9148,0.0,0.0,0.9022140972096425,0.002214097209642496,1.0,240982.89,2223410.0656660306,2409333.82,38.92828230001032,0,0,0.0
S0_BASE,Baseline,baseline,default,default problem data,0.9,balanced,5,500,23507083437584.008,2379816075049.2046,25886899512633.21,0.0,1170757977564.3008,0.0,1209058097484.9038,0.0,0.0,0.904247262958438,0.004247262958438025,1.0,237727.72361359466,2244997.3760397746,2409333.82,34.02357649989426,0,0,0.0
S0_BASE,Baseline,baseline,default,default problem data,0.9,balanced,6,500,23933179938507.723,2143179421455.453,26076359359963.176,0.0,1232438658128.8928,0.0,910740763326.56,0.0,0.0,0.904471027455314,0.004471027455314025,1.0,240748.056,2279409.4374492685,2409333.82,35.00421030027792,0,0,0.0
S0_BASE,Baseline,baseline,default,default problem data,0.9,balanced,7,500,23619628246136.555,1502941832721.8032,25122570078858.36,0.0,1000490593342.031,0.0,502451239379.7721,0.0,0.0,0.9036295688082415,0.003629568808241501,1.0,239957.12079166668,2249988.3720763545,2409333.82,34.95178860006854,0,0,0.0
S0_BASE,Baseline,baseline,default,default problem data,0.9,balanced,8,500,23703444923751.53,1941589875795.0137,25645034799546.543,0.0,1021946517256.1995,0.0,919643358538.8141,0.0,0.0,0.903707406373841,0.003707406373840927,1.0,240982.89,2261627.9643257074,2409333.82,36.06969889998436,0,0,0.0
S0_BASE,Baseline,baseline,default,default problem data,0.9,balanced,9,500,24053477066433.715,2061135139538.959,26114612205972.676,0.0,1347082916319.7297,0.0,714052223219.2294,0.0,0.0,0.9048869326385737,0.004886932638573649,1.0,240982.89,2292663.6076392108,2409333.82,39.75708650005981,0,0,0.0
S0_BASE,Baseline,baseline,default,default problem data,0.9,balanced,10,500,24446818903658.23,2413034385030.1445,26859853288688.375,0.0,1985674183272.5896,0.0,427360201757.5549,0.0,0.0,0.9072036070372855,0.007203607037285509,1.0,239077.14898550237,2337285.37279445,2409333.82,45.56096350029111,0,0,0.0
S1_PRICE_25,Harga impor naik,operational_stress,+25%,all import purchase costs,0.9,balanced,1,500,29140854232891.85,3224606613648.245,32365460846540.098,5.051801042802626e-05,1459158792520.5981,0.0,1765447821127.647,0.0,3.6060043839825084e-13,0.9043230035452988,0.004323003545298798,1.0,240982.5507164444,2277726.8532784735,2409333.82,38.02067249966785,31,0,3.410605131648481e-13
S1_PRICE_25,Harga impor naik,operational_stress,+25%,all import purchase costs,0.9,balanced,2,500,28548939875605.465,1859142108519.897,30408081984125.363,0.0,871693760109.3497,0.0,987448348410.5472,0.0,0.0,0.9025825394978829,0.0025825394978828964,1.0,240982.89,2232730.638949598,2409333.82,41.51762549998239,0,0,0.0
S1_PRICE_25,Harga impor naik,operational_stress,+25%,all import purchase costs,0.9,balanced,3,500,28650900548482.984,2232944320774.98,30883844869257.96,0.0,980560018615.7244,0.0,1252384302159.2556,0.0,0.0,0.9029050741143337,0.0029050741143337167,1.0,240982.89,2240947.940080334,2409333.82,40.39973340043798,0,0,0.0
S1_PRICE_25,Harga impor naik,operational_stress,+25%,all import purchase costs,0.9,balanced,4,500,28440429796912.484,2546598967685.43,30987028764597.914,0.0,747332121542.7938,0.0,1799266846142.6365,0.0,0.0,0.9022140972096425,0.002214097209642496,1.0,240982.89,2223410.0656660306,2409333.82,40.11834380030632,0,0,0.0
S1_PRICE_25,Harga impor naik,operational_stress,+25%,all import purchase costs,0.9,balanced,5,500,28544800387085.09,1930451438574.349,30475251825659.438,0.0,864598043890.6461,0.0,1065853394683.7029,0.0,0.0,0.9025615172441521,0.0025615172441521006,1.0,240982.89,2232196.9377671476,2409333.82,32.65409980015829,0,0,0.0
S1_PRICE_25,Harga impor naik,operational_stress,+25%,all import purchase costs,0.9,balanced,6,500,28734221292629.043,2182637454998.3696,30916858747627.414,1940958835.0105438,1009582323373.7457,0.0,1171114172789.6133,0.0,13.854674815726028,0.9029910575775488,0.0029910575775488057,0.9999942495827266,240982.89,2243147.788907685,2409333.82,35.46390089998022,37,5,2.6579757225919707
S1_PRICE_25,Harga impor naik,operational_stress,+25%,all import purchase costs,0.9,balanced,7,500,28848748264500.926,1898516285508.1833,30747264550009.11,0.0,1148899032322.1624,0.0,749617253186.021,0.0,0.0,0.9034038067792056,0.003403806779205598,1.0,240982.89,2253762.3164614425,2409333.82,35.12267740024254,0,0,0.0
S1_PRICE_25,Harga impor naik,operational_stress,+25%,all import purchase costs,0.9,balanced,8,500,28583054592089.73,2301041037907.956,30884095629997.688,0.0,894653780141.1171,0.0,1406387257766.839,0.0,0.0,0.9026505624221227,0.002650562422122693,1.0,240982.89,2234459.1463982007,2409333.82,36.659540500026196,0,0,0.0
S1_PRICE_25,Harga impor naik,operational_stress,+25%,all import purchase costs,0.9,balanced,9,500,28862262021367.7,2172581050724.592,31034843072092.293,1.6549003416077568e-05,1189104202383.1277,0.0,983476848341.4644,0.0,1.1812772982011666e-13,0.9035229213633097,0.0035229213633096723,1.0,240982.89,2256842.43188277,2409333.82,39.098697499837726,31,0,1.1368683772161603e-13
S1_PRICE_25,Harga impor naik,operational_stress,+25%,all import purchase costs,0.9,balanced,10,500,28617980395964.555,2114977749556.9097,30732958145521.465,6.221429855668259e-08,929659693989.3973,0.0,1185318055567.5125,0.0,4.440892098500626e-16,0.9027542733344979,0.0027542733344978476,1.0,240982.89,2237099.163198217,2409333.82,43.2162498999387,34,2,4.440892098500626e-16
S1_PRICE_50,Harga impor naik,operational_stress,+50%,all import purchase costs,0.9,balanced,1,500,34363771170562.992,3654785839580.003,38018557010142.99,0.0,1723701004547.16,0.0,1931084835032.843,0.0,0.0,0.9043155408931682,0.004315540893168213,1.0,240982.83223210473,2277533.0739198755,2409333.82,36.937022199854255,0,0,0.0
S1_PRICE_50,Harga impor naik,operational_stress,+50%,all import purchase costs,0.9,balanced,2,500,33679925170093.586,2199998178517.9316,35879923348611.516,0.0,1031510542242.9264,0.0,1168487636275.0054,0.0,0.0,0.9025825394978829,0.0025825394978828964,1.0,240982.89,2232730.638949598,2409333.82,42.58840350015089,0,0,0.0
S1_PRICE_50,Harga impor naik,operational_stress,+50%,all import purchase costs,0.9,balanced,3,500,33798830486121.75,2642333480547.0264,36441163966668.77,0.0,1160336396554.1724,0.0,1481997083992.854,0.0,0.0,0.9029050741143337,0.0029050741143337167,1.0,240982.89,2240947.940080334,2409333.82,39.99586720019579,0,0,0.0
S1_PRICE_50,Harga impor naik,operational_stress,+50%,all import purchase costs,0.9,balanced,4,500,33552193188964.414,3013493731678.1416,36565686920642.555,0.0,884348376924.7822,0.0,2129145354753.3591,0.0,0.0,0.9022140972096425,0.002214097209642496,1.0,240982.89,2223410.0656660306,2409333.82,40.10746080009267,0,0,0.0
S1_PRICE_50,Harga impor naik,operational_stress,+50%,all import purchase costs,0.9,balanced,5,500,33673441801382.668,2284381397806.0703,35957823199188.74,0.0,1023113893764.5924,0.0,1261267504041.4778,0.0,0.0,0.902561517244152,0.0025615172441519896,1.0,240982.89,2232196.9377671466,2409333.82,31.988010299857706,0,0,0.0
S1_PRICE_50,Harga impor naik,operational_stress,+50%,all import purchase costs,0.9,balanced,6,500,33920654105822.543,2750084642563.6357,36670738748386.18,0.0,1225278570763.653,0.0,1524806071799.9827,0.0,0.0,0.9030676664709855,0.0030676664709854418,1.0,240982.89,2245111.081191432,2409333.82,34.374265499878675,0,0,0.0
S1_PRICE_50,Harga impor naik,operational_stress,+50%,all import purchase costs,0.9,balanced,7,500,34010549172312.637,2355839789399.324,36366388961711.96,0.0,1334161455018.9749,0.0,1021678334380.3496,0.0,0.0,0.9033402709066332,0.003340270906633136,1.0,240982.89,2252122.4834614424,2409333.82,34.964011900126934,0,0,0.0
S1_PRICE_50,Harga impor naik,operational_stress,+50%,all import purchase costs,0.9,balanced,8,500,33593062300156.266,3130554393694.627,36723616693850.89,0.0,914205276043.9153,0.0,2216349117650.712,0.0,0.0,0.9022888483809605,0.00228884838096044,1.0,240982.88109353938,2225295.298014345,2409333.82,34.852771000005305,0,0,0.0
S1_PRICE_50,Harga impor naik,operational_stress,+50%,all import purchase costs,0.9,balanced,9,500,33960669745657.027,2183525334866.189,36144195080523.21,0.0,1295223815809.3435,0.0,888301519056.8455,0.0,0.0,0.9032427847568605,0.0032427847568604617,1.0,240982.89,2249610.5959166666,2409333.82,40.30739930039272,0,0,0.0
S1_PRICE_50,Harga impor naik,operational_stress,+50%,all import purchase costs,0.9,balanced,10,500,33777168233427.062,2071196857917.3804,35848365091344.445,0.0,1115925861241.5542,0.0,955270996675.8263,0.0,0.0,0.9027938857581609,0.0027938857581608634,1.0,240982.89,2238109.005397226,2409333.82,43.39589310018346,0,0,0.0
S2_IMPORT_CAP_25,Kapasitas negara sumber impor turun,operational_stress,-25%,all import source capacities,0.9,balanced,1,500,23893300679446.92,2268175954853.323,26161476634300.246,0.0,1163016613739.0432,0.0,1105159341114.2803,0.0,0.0,0.9042191789236051,0.004219178923605127,1.0,240982.89,2274999.822319744,2409333.82,44.823359800037,0,0,0.0
S2_IMPORT_CAP_25,Kapasitas negara sumber impor turun,operational_stress,-25%,all import source capacities,0.9,balanced,2,500,23602950554949.645,1672940025801.6074,25275890580751.25,0.0,871942521039.4652,0.0,800997504762.1421,0.0,0.0,0.9031632235205458,0.003163223520545766,1.0,240982.88998611932,2247564.3205589205,2409333.82,40.51854439964518,0,0,0.0
S2_IMPORT_CAP_25,Kapasitas negara sumber impor turun,operational_stress,-25%,all import source capacities,0.9,balanced,3,500,23575446385052.336,2066587041483.3738,25642033426535.71,566958539.2913613,1067535608160.7565,0.0,998484474783.3259,0.0,4.955532195447349,0.9038727939781267,0.0038727939781266763,0.9999979431940256,239037.71708333332,2247643.4939459506,2409333.82,42.06090719997883,28,2,2.8370131680384247
S2_IMPORT_CAP_25,Kapasitas negara sumber impor turun,operational_stress,-25%,all import source capacities,0.9,balanced,4,500,23368159390916.89,2079704203692.7354,25447863594609.625,0.0,610315866160.806,0.0,1469388337531.9294,0.0,0.0,0.9022140972096425,0.002214097209642496,1.0,240982.89,2223410.06566603,2409333.82,41.80731309996918,0,0,0.0
S2_IMPORT_CAP_25,Kapasitas negara sumber impor turun,operational_stress,-25%,all import source capacities,0.9,balanced,5,500,23843035738856.375,2522583088617.2866,26365618827473.66,0.0,1140501507191.6958,0.0,1382081581425.5908,0.0,0.0,0.9041374988668587,0.004137498866858658,1.0,240978.34183814857,2272813.1719411444,2409333.82,42.154048999771476,0,0,0.0
S2_IMPORT_CAP_25,Kapasitas negara sumber impor turun,operational_stress,-25%,all import source capacities,0.9,balanced,6,500,23671514112164.785,2356988160149.784,26028502272314.57,0.0,1052122737699.1622,0.0,1304865422450.622,0.0,0.0,0.9038168793356052,0.00381687933560515,1.0,240009.02741666668,2255325.140977741,2409333.82,34.57361169997603,0,0,0.0
S2_IMPORT_CAP_25,Kapasitas negara sumber impor turun,operational_stress,-25%,all import source capacities,0.9,balanced,7,500,23652539117813.11,1385132230291.015,25037671348104.125,0.0,882680990911.2761,0.0,502451239379.7388,0.0,0.0,0.9032021804238434,0.0032021804238433482,1.0,240982.89,2248565.8524735267,2409333.82,34.68064199993387,0,0,0.0
S2_IMPORT_CAP_25,Kapasitas negara sumber impor turun,operational_stress,-25%,all import source capacities,0.9,balanced,8,500,24113844570237.19,2064824100312.5286,26178668670549.72,0.0,1332117402777.8914,0.0,732706697534.6372,0.0,0.0,0.9048326409125822,0.004832640912582176,1.0,240912.38268194464,2290547.8258612985,2409333.82,44.52705800021067,0,0,0.0
S2_IMPORT_CAP_25,Kapasitas negara sumber impor turun,operational_stress,-25%,all import source capacities,0.9,balanced,9,500,23715530847720.01,1774259768912.8838,25489790616632.895,4.0646317658952064e-05,971094074043.472,0.0,803165694869.4117,0.0,3.552713678800501e-13,0.9035229244377427,0.003522924437742714,1.0,240982.89,2256842.5114809177,2409333.82,33.16999399987981,31,0,3.410605131648481e-13
S2_IMPORT_CAP_25,Kapasitas negara sumber impor turun,operational_stress,-25%,all import source capacities,0.9,balanced,10,500,23466552286754.77,1505022469292.711,24971574756047.48,0.0,958389396363.9796,0.0,546633072928.73145,0.0,0.0,0.9034768345473119,0.0034768345473118467,1.0,238742.71708333338,2234681.3149989527,2409333.82,44.49103289982304,0,0,0.0
S2_IMPORT_CAP_50,Kapasitas negara sumber impor turun,operational_stress,-50%,all import source capacities,0.9,balanced,1,500,25254585819998.5,3093425247698.965,28348011067697.46,0.0,2670852447172.7207,0.0,422572800526.2441,0.0,0.0,0.9096892892328869,0.009689289232886922,1.0,240433.73260920527,2421861.03361425,2409333.82,45.17438059998676,0,0,0.0
S2_IMPORT_CAP_50,Kapasitas negara sumber impor turun,operational_stress,-50%,all import source capacities,0.9,balanced,2,500,26517025479996.445,5551338476231.797,32068363956228.242,34424587896.65937,3805940930620.0093,0.0,1710972957715.1284,0.0,300.8899977944153,0.9138071507915373,0.01380715079153727,0.9998751148573533,238656.78880595768,2530213.1464337017,2409333.82,70.13863649964333,9,9,300.8899977944153
S2_IMPORT_CAP_50,Kapasitas negara sumber impor turun,operational_stress,-50%,all import source capacities,0.9,balanced,3,500,24819679721003.22,3369991004085.3516,28189670725088.57,5880452975.641658,2125602663032.2112,0.0,1238507888077.499,0.0,51.39842162185142,0.9077112380424144,0.007711238042414359,0.9999786669571501,240131.55499542187,2361827.23068839,2409333.82,31.97075009997934,9,7,51.39842162185141
S2_IMPORT_CAP_50,Kapasitas negara sumber impor turun,operational_stress,-50%,all import source capacities,0.9,balanced,4,500,24804515364769.34,2733936035022.378,27538451399791.715,11101124083.215635,2144496625795.4707,0.0,578338285143.6919,0.0,97.0299836541667,0.907779781353432,0.007779781353431936,0.9999597274637293,239529.67527529362,2357836.485753732,2409333.82,31.762123299762607,31,10,97.0299836541667
S2_IMPORT_CAP_50,Kapasitas negara sumber impor turun,operational_stress,-50%,all import source capacities,0.9,balanced,5,500,23858344078508.01,2045604661328.7422,25903948739836.754,0.0,1086753927357.048,0.0,958850733971.6941,0.0,0.0,0.9039425139858568,0.003942513985856766,1.0,240982.88999999998,2267753.2845498784,2409333.82,35.034608900081366,0,0,0.0
S2_IMPORT_CAP_50,Kapasitas negara sumber impor turun,operational_stress,-50%,all import source capacities,0.9,balanced,6,500,24034796169937.125,2005961844075.5483,26040758014012.67,0.0,1283769782919.3018,0.0,722192061156.2467,0.0,0.0,0.904657245947193,0.004657245947192967,1.0,240979.44027425806,2286527.16123201,2409333.82,34.24125830037519,0,0,0.0
S2_IMPORT_CAP_50,Kapasitas negara sumber impor turun,operational_stress,-50%,all import source capacities,0.9,balanced,7,500,23870970743427.105,1505168443358.0215,25376139186785.13,0.0,1002717203978.2495,0.0,502451239379.7721,0.0,0.0,0.9036376464819019,0.0036376464819019017,1.0,240982.89,2259816.241631219,2409333.82,35.48418579995632,0,0,0.0
S2_IMPORT_CAP_50,Kapasitas negara sumber impor turun,operational_stress,-50%,all import source capacities,0.9,balanced,8,500,24130006949527.637,2481445370660.796,26611452320188.43,4649759683.547287,1413860248165.787,0.0,1062935362811.4615,0.0,40.64147943112698,0.9051291867111046,0.005129186711104627,0.9999831316527856,240376.7788768127,2293350.6188722774,2409333.82,33.750591800082475,31,9,40.64147943112698
S2_IMPORT_CAP_50,Kapasitas negara sumber impor turun,operational_stress,-50%,all import source capacities,0.9,balanced,9,500,23829214062542.195,2232485177343.6934,26061699239885.887,94925453175.30452,1003074101248.1149,0.0,1134485622920.274,0.0,829.701127644377,0.9036389412299056,0.003638941229905601,0.9996556304814397,240859.67193634185,2258694.3492684625,2409333.82,61.08132020011544,29,9,829.701127644377
S2_IMPORT_CAP_50,Kapasitas negara sumber impor turun,operational_stress,-50%,all import source capacities,0.9,balanced,10,500,24731959399289.945,3628658173979.581,28360617573269.527,144979806326.385,1915815421593.716,0.0,1567862946059.4797,0.0,1267.2039455267961,0.9069501741873823,0.0069501741873823075,0.9994740438477193,240981.11190961205,2348826.1209904924,2409333.82,36.180025999899954,29,10,1044.960683236149
S2_IMPORT_CAP_75,Kapasitas negara sumber impor turun,operational_stress,-75%,all import source capacities,0.9,balanced,1,500,28111271214335.074,5993147237589.447,34104418451924.52,0.0,5661977682399.579,0.0,331169555189.86804,0.0,0.0,0.9205404605757963,0.020540460575796282,1.0,231780.35768511653,2685180.391957933,2409333.82,34.05684830015525,0,0,0.0
S2_IMPORT_CAP_75,Kapasitas negara sumber impor turun,operational_stress,-75%,all import source capacities,0.9,balanced,2,500,27649537211004.29,5516368998899.796,33165906209904.082,0.0,5244601943180.2705,0.0,271767055719.52518,0.0,0.0,0.9190263094438733,0.01902630944387329,1.0,231745.22125977906,2630236.4874675167,2409333.82,78.11387880006805,0,0,0.0
S2_IMPORT_CAP_75,Kapasitas negara sumber impor turun,operational_stress,-75%,all import source capacities,0.9,balanced,3,500,26063220989172.18,6661889459238.955,32725110448411.137,417683842344.70685,3282914227791.5815,0.0,2961291389102.6665,0.0,3650.788522992245,0.9119097202518636,0.011909720251863543,0.9984847311349357,238712.5576809355,2471150.078281299,2409333.82,51.23428460024297,29,9,1058.8450263411582
S2_IMPORT_CAP_75,Kapasitas negara sumber impor turun,operational_stress,-75%,all import source capacities,0.9,balanced,4,500,29210017560551.812,7601474314765.055,36811491875316.86,180306852384.6919,6011061122374.304,0.0,1410106340006.0586,0.0,1575.9819283591974,0.9218068616530654,0.021806861653065335,0.9993458847772455,237358.4022256776,2798181.636755026,2409333.82,85.18558000028133,9,4,671.7422638354938
S2_IMPORT_CAP_75,Kapasitas negara sumber impor turun,operational_stress,-75%,all import source capacities,0.9,balanced,5,500,27124039389051.98,6343267745559.801,33467307134611.78,1181025455.5769768,5251442447151.184,0.0,1090644272953.0396,0.0,10.32281774266903,0.9190511253492009,0.019051125349200837,0.9999957154887974,228221.3447591119,2591105.6161606424,2409333.82,56.733808800112456,9,6,10.32281774266903
S2_IMPORT_CAP_75,Kapasitas negara sumber impor turun,operational_stress,-75%,all import source capacities,0.9,balanced,6,500,27267272771258.496,8906188074787.947,36173460846046.445,236065375871.1801,7308379921840.229,0.0,1361742777076.5388,0.0,2063.3423597820347,0.9265132605739766,0.026513260573976627,0.9991436046169052,208608.59368857648,2630115.716546685,2409333.82,93.1735610999167,29,9,912.1739022292443
S2_IMPORT_CAP_75,Kapasitas negara sumber impor turun,operational_stress,-75%,all import source capacities,0.9,balanced,7,500,28696750508665.55,9392234228168.736,38088984736834.29,94220271134.84134,8919875962483.242,0.0,378137994550.653,0.0,823.537445359012,0.9323594282467625,0.03235942824676252,0.9996581887331167,201100.22934543414,2771970.8747705547,2409333.82,78.22805999964476,20,7,645.9676132937886
S2_IMPORT_CAP_75,Kapasitas negara sumber impor turun,operational_stress,-75%,all import source capacities,0.9,balanced,8,500,25770801408902.766,6730419985111.322,32501221394014.086,702478164312.1602,4148941408145.258,0.0,1879000412653.904,0.0,6140.048907630422,0.9150514841643069,0.015051484164306905,0.9974515574153064,227908.68132459305,2454994.946625929,2409333.82,47.11353259999305,22,11,3203.659385729946
S2_IMPORT_CAP_75,Kapasitas negara sumber impor turun,operational_stress,-75%,all import source capacities,0.9,balanced,9,500,26710811928815.613,7509910734700.635,34220722663516.246,118647884229.35942,4408040307668.767,0.0,2983222542802.5083,0.0,1037.0483368240523,0.9159914403120393,0.01599144031203925,0.9995695705060812,233904.50668393934,2550389.231391659,2409333.82,54.22049100045115,29,9,768.745547643322
S2_IMPORT_CAP_75,Kapasitas negara sumber impor turun,operational_stress,-75%,all import source capacities,0.9,balanced,10,500,28948309578965.215,15034883104180.77,43983192683145.984,119734676722.52023,8127479065992.266,0.0,6787669361465.982,0.0,1046.5475061925222,0.9294847794710616,0.02948477947106154,0.9995656278521867,212519.38021888072,2801289.2503825906,2409333.82,84.73425030009821,9,1,441.08760000000007
S3_PORT_CAP_25,Kapasitas pelabuhan terganggu,operational_stress,-25%,all port throughput capacities,0.9,balanced,1,500,23509309304843.465,1739784413824.9792,25249093718668.44,0.0,828374496067.9391,0.0,911409917757.0402,0.0,0.0,0.9030051679170992,0.0030051679170991497,1.0,240982.89,2243509.168237018,2409333.82,31.416481900028884,0,0,0.0
S3_PORT_CAP_25,Kapasitas pelabuhan terganggu,operational_stress,-25%,all port throughput capacities,0.9,balanced,2,500,23423133429833.113,1426711215288.1758,24849844645121.29,0.0,708253461641.5555,0.0,718457753646.6202,0.0,0.0,0.9025693941450427,0.002569394145042647,1.0,240982.89,2232396.8851267784,2409333.82,39.54017830034718,0,0,0.0
S3_PORT_CAP_25,Kapasitas pelabuhan terganggu,operational_stress,-25%,all port throughput capacities,0.9,balanced,3,500,23568043231489.87,1864989923057.7134,25433033154547.586,0.0,899770694466.0433,0.0,965219228591.6699,0.0,0.0,0.9032641782630807,0.003264178263080675,1.0,240982.8895610883,2250161.396331891,2409333.82,35.987763199955225,0,0,0.0
S3_PORT_CAP_25,Kapasitas pelabuhan terganggu,operational_stress,-25%,all port throughput capacities,0.9,balanced,4,500,23611405074806.895,2114037431984.1733,25725442506791.066,2654502.31786414,1105348045110.633,0.0,1008686732371.2223,0.0,0.0232018230389599,0.9040099695224348,0.00400996952243482,0.9999999903700256,239385.57991666667,2254473.19610087,2409333.82,29.966257499996573,31,0,0.023201823038903058
S3_PORT_CAP_25,Kapasitas pelabuhan terganggu,operational_stress,-25%,all port throughput capacities,0.9,balanced,5,500,23347859126587.766,1508669080702.8926,24856528207290.656,0.0,668980183512.7626,0.0,839688897190.1299,0.0,0.0,0.9024269189771178,0.0024269189771177757,1.0,240787.91541666668,2226982.015515398,2409333.82,32.265467000193894,0,0,0.0
S3_PORT_CAP_25,Kapasitas pelabuhan terganggu,operational_stress,-25%,all port throughput capacities,0.9,balanced,6,500,23914612001957.43,2292931189724.676,26207543191682.1,0.0,1246967637162.8926,0.0,1045963552561.7832,0.0,0.0,0.9045237355262028,0.004523735526202777,1.0,240972.89870752647,2282930.8174214154,2409333.82,31.213356100022793,0,0,0.0
S3_PORT_CAP_25,Kapasitas pelabuhan terganggu,operational_stress,-25%,all port throughput capacities,0.9,balanced,7,500,24151856625525.285,1798633036653.4697,25950489662178.754,0.0,1440123461610.8057,0.0,358509575042.6641,0.0,0.0,0.9052244641089718,0.005224464108971816,1.0,240982.74631711008,2301685.507167515,2409333.82,31.317715699784458,0,0,0.0
S3_PORT_CAP_25,Kapasitas pelabuhan terganggu,operational_stress,-25%,all port throughput capacities,0.9,balanced,8,500,24284801889245.996,1661304603350.4468,25946106492596.445,5.207809450053233e-07,1568229104675.2527,0.0,93075498675.19406,0.0,4.551914400963142e-15,0.905689204356727,0.005689204356726929,1.0,240982.89,2314216.5265281857,2409333.82,35.982010500039905,25,0,1.7763568394002505e-15
S3_PORT_CAP_25,Kapasitas pelabuhan terganggu,operational_stress,-25%,all port throughput capacities,0.9,balanced,9,500,23517242369941.508,1621781655543.81,25139024025485.316,0.0,1044740185549.4579,0.0,577041469994.3523,0.0,0.0,0.903790096993836,0.003790096993835923,1.0,238742.71708333338,2242734.8608333333,2409333.82,32.03833540016785,0,0,0.0
S3_PORT_CAP_25,Kapasitas pelabuhan terganggu,operational_stress,-25%,all port throughput capacities,0.9,balanced,10,500,23782742024793.75,1979373766470.9888,25762115791264.74,0.00010659496806060178,1066454747448.2726,0.0,912919019022.7162,0.0,9.316991622654314e-13,0.9038688728434812,0.0038688728434811415,1.0,240982.87112736664,2265831.2925618095,2409333.82,59.91480789985508,9,0,9.094947017729282e-13
S3_PORT_CAP_50,Kapasitas pelabuhan terganggu,operational_stress,-50%,all port throughput capacities,0.9,balanced,1,500,24980178754018.17,5420747890253.971,30400926644272.14,3940750.704384301,2089230801067.4158,0.0,3331513148435.85,0.0,0.040745152641252336,0.9089657459827801,0.008965745982780104,0.9999999830886229,240112.71695111887,2397495.725533615,2409333.82,37.012907799798995,20,0,0.03214864455139832
S3_PORT_CAP_50,Kapasitas pelabuhan terganggu,operational_stress,-50%,all port throughput capacities,0.9,balanced,2,500,25330901164327.86,8113510228225.363,33444411392553.223,66243157501.56145,2327356238820.1304,0.0,5719910831903.671,0.0,684.9171049660051,0.9099876398711138,0.00998763987111373,0.9997157234504905,240385.63654518934,2430199.116493034,2409333.82,41.112046799622476,19,2,175.0853724983249
S3_PORT_CAP_50,Kapasitas pelabuhan terganggu,operational_stress,-50%,all port throughput capacities,0.9,balanced,3,500,25485293679196.867,10976635431637.008,36461929110833.875,206522728112.4307,2738311717741.876,0.0,8031800985782.702,0.0,2135.329208078785,0.9117512183289661,0.011751218328966084,0.9991137262963092,238961.6142099288,2468856.0993615645,2409333.82,74.46428920002654,17,0,1120.4233549098117
S3_PORT_CAP_50,Kapasitas pelabuhan terganggu,operational_stress,-50%,all port throughput capacities,0.9,balanced,4,500,25254708453975.605,11904523134327.71,37159231588303.32,1238231411898.8203,2648779865373.619,0.0,8017511857055.272,0.0,12802.618502835081,0.9113670004410758,0.011367000441075747,0.9946862413184259,236433.7745888911,2431125.4388585505,2409333.82,48.21337689971551,3,1,4568.8586352352695
S3_PORT_CAP_50,Kapasitas pelabuhan terganggu,operational_stress,-50%,all port throughput capacities,0.9,balanced,5,500,26951001002634.344,9201285056535.72,36152286059170.06,1645061856.5824265,4666452677727.473,0.0,4533187316951.666,0.0,17.009017184512658,0.9200256617544567,0.020025661754456636,0.9999929403650738,226670.03385822178,2607614.548307152,2409333.82,78.49040029989555,29,0,3.2437454840071496
S3_PORT_CAP_50,Kapasitas pelabuhan terganggu,operational_stress,-50%,all port throughput capacities,0.9,balanced,6,500,24192368024391.14,15297051595187.66,39489419619578.805,2132100390694.0232,2912055835176.148,0.0,10252895369317.49,0.0,22044.722536914356,0.9124968255745237,0.012496825574523696,0.990850283030969,222353.58702003036,2318738.0759961694,2409333.82,43.3550843000412,16,0,3294.2337669690364
S3_PORT_CAP_50,Kapasitas pelabuhan terganggu,operational_stress,-50%,all port throughput capacities,0.9,balanced,7,500,25779263025971.895,34254004241372.562,60033267267344.45,7712861010.285518,2977209366180.3325,0.0,31269082014181.945,0.0,79.74665812156394,0.91277642608997,0.012776426089969983,0.9999669009510183,235475.215819454,2464198.7973360205,2409333.82,57.950629900209606,3,0,3.1333477137286536
S3_PORT_CAP_50,Kapasitas pelabuhan terganggu,operational_stress,-50%,all port throughput capacities,0.9,balanced,8,500,24232623812159.402,7592583412022.459,31825207224181.863,1199274060.412857,1513923988176.6316,0.0,6077460149785.414,0.0,12.399821332481597,0.906496868564399,0.0064968685643990165,0.9999948534232868,240578.75802829093,2332369.91582427,2409333.82,40.87161129992455,27,0,2.5439943131088967
S3_PORT_CAP_50,Kapasitas pelabuhan terganggu,operational_stress,-50%,all port throughput capacities,0.9,balanced,9,500,24785151397968.11,9903071032964.592,34688222430932.703,3261511276.5296016,1939478215032.9326,0.0,7960331306655.13,0.0,33.72219781766863,0.9083230962353402,0.008323096235340222,0.9999860035178447,240087.25214475178,2378753.942155073,2409333.82,65.6578387003392,28,0,3.89
S3_PORT_CAP_50,Kapasitas pelabuhan terganggu,operational_stress,-50%,all port throughput capacities,0.9,balanced,10,500,26110080131177.234,20005770236149.637,46115850367326.875,23733799555.35378,3034035581593.8916,0.0,16948000855000.393,0.0,245.39417948054788,0.9130202906798949,0.013020290679894853,0.9998981485349006,238925.75638862108,2507987.9578124653,2409333.82,58.748828700277954,29,2,24.348610965551302
S3_PORT_CAP_75,Kapasitas pelabuhan terganggu,operational_stress,-75%,all port throughput capacities,0.9,balanced,1,500,16189074372552.695,131328532459435.81,147517606831988.5,44651727849493.99,0.0,0.0,86676804609941.83,0.0,776068.3238589944,0.8767745134117638,0.0,0.6778909101691046,206610.28143714688,1470074.3652021077,2409333.82,122.52784630004317,14,11,58892.74
S3_PORT_CAP_75,Kapasitas pelabuhan terganggu,operational_stress,-75%,all port throughput capacities,0.9,balanced,2,500,16106665704300.4,134228239079444.9,150334904783745.3,47425011021665.13,0.0,3073370100856.2354,83729857956923.55,0.0,824269.3079344092,0.8799355897007098,0.0,0.6578849717328048,200950.7645170765,1472740.581787438,2409333.82,100.1694141998887,14,1,58197.07971419449
S3_PORT_CAP_75,Kapasitas pelabuhan terganggu,operational_stress,-75%,all port throughput capacities,0.9,balanced,3,500,16328516259599.361,146025126898027.72,162353643157627.06,46193390605115.07,0.0,0.0,99831736292912.64,0.0,802863.1577508311,0.865256376809826,0.0,0.6667696476568651,228778.42468446813,1469100.9945261588,2409333.82,88.62420340022072,14,5,57170.931249999994
S3_PORT_CAP_75,Kapasitas pelabuhan terganggu,operational_stress,-75%,all port throughput capacities,0.9,balanced,4,500,16370491359455.617,156245210342011.7,172615701701467.3,42239922638413.59,0.0,0.0,114005287703598.1,0.0,734149.9991315278,0.8652238577498239,0.0,0.6952892152024297,230543.44264347674,1480022.231625,2409333.82,112.31790420040488,14,11,28877.854532854588
S3_PORT_CAP_75,Kapasitas pelabuhan terganggu,operational_stress,-75%,all port throughput capacities,0.9,balanced,5,500,16203918868039.209,156305999130502.03,172509917998541.25,43573592913584.38,0.0,0.0,112732406216917.64,0.0,757329.8245241994,0.8644557639692266,0.0,0.685668370967291,229244.54130977276,1462044.944860086,2409333.82,75.4125617002137,14,7,58205.1625
S3_PORT_CAP_75,Kapasitas pelabuhan terganggu,operational_stress,-75%,all port throughput capacities,0.9,balanced,6,500,16305731049639.182,150489241200544.22,166794972250183.4,45795211187383.81,0.0,0.0,104694030013160.4,0.0,795942.6095840181,0.877276926989782,0.0,0.6696420384021264,206400.46264996007,1475438.6372622051,2409333.82,139.71323210000992,11,0,58653.24
S3_PORT_CAP_75,Kapasitas pelabuhan terganggu,operational_stress,-75%,all port throughput capacities,0.9,balanced,7,500,16217279371611.03,130645674194576.47,146862953566187.5,43265083431460.04,0.0,0.0,87380590763116.42,0.0,751967.7826006737,0.8752833147064665,0.0,0.6878938998163925,209506.33530190785,1470351.775173151,2409333.82,92.64061440015212,14,0,57217.657900450686
S3_PORT_CAP_75,Kapasitas pelabuhan terganggu,operational_stress,-75%,all port throughput capacities,0.9,balanced,8,500,15747924687721.225,158249385319921.8,173997310007643.06,48835494293761.28,0.0,0.0,109413891026160.55,0.0,848784.1798447738,0.8607652167950971,0.0,0.6477100131169147,225697.43821874447,1395287.1535883187,2409333.82,100.52825800003484,14,2,51993.6116089773
S3_PORT_CAP_75,Kapasitas pelabuhan terganggu,operational_stress,-75%,all port throughput capacities,0.9,balanced,9,500,16329015104342.475,145294476657773.12,161623491762115.62,45655638757265.8,0.0,0.0,99638837900507.34,0.0,793516.77418827,0.8747385279416825,0.0,0.6706488874222212,211929.11219006547,1479964.721625,2409333.82,83.9312273003161,14,10,58598.810000000005
S3_PORT_CAP_75,Kapasitas pelabuhan terganggu,operational_stress,-75%,all port throughput capacities,0.9,balanced,10,500,16251276388596.617,149891253800584.5,166142530189181.1,44236895776021.34,0.0,1039020528934.6858,104615337495628.45,0.0,768858.3445939588,0.8788779853381559,0.0,0.6808834300122185,203966.66435282794,1480010.1496249998,2409333.82,69.83002490038052,14,10,58565.007576914686
S4_DEMAND_25,Demand naik,operational_stress,+25%,all provinces,0.9,balanced,1,500,31060074592430.223,7921297210144.333,38981371802574.555,0.0,7213296914997.409,0.0,708000295146.9235,0.0,0.0,0.9263171146934086,0.026317114693408583,1.0,240982.8895249226,3029558.0036852593,3011667.275,66.24572720006108,0,0,0.0
S4_DEMAND_25,Demand naik,operational_stress,+25%,all provinces,0.9,balanced,2,500,31135921338739.613,11689068647205.154,42824989985944.77,200808948.48702076,7286873481700.794,0.0,4401994356555.873,0.0,2.2064521623944984,0.9265855526861182,0.026585552686118175,0.9999992673652296,240982.89000000004,3041516.656304332,3011667.275,53.63789919996634,9,7,2.2064521623908604
S4_DEMAND_25,Demand naik,operational_stress,+25%,all provinces,0.9,balanced,3,500,31365752951786.668,8456145198543.591,39821898150330.26,250925138.3245105,7511366724401.135,0.0,944527549004.1317,0.0,2.757119731101227,0.9274045976368059,0.027404597636805916,0.9999990845204735,240982.89,3078550.884251505,3011667.275,37.85422069998458,28,2,2.757119731101227
S4_DEMAND_25,Demand naik,operational_stress,+25%,all provinces,0.9,balanced,4,500,30176168234152.29,6754918502451.921,36931086736604.21,0.0,6667121740002.076,0.0,87796762449.84471,0.0,0.0,0.9243244399300615,0.024324439930061503,1.0,240982.87826995418,2943438.5921128285,3011667.275,73.09212790010497,0,0,0.0
S4_DEMAND_25,Demand naik,operational_stress,+25%,all provinces,0.9,balanced,5,500,31458153466682.703,9381188280216.578,40839341746899.29,0.0,8736347560637.949,0.0,644840719578.6293,0.0,0.0,0.9318738384769334,0.03187383847693337,1.0,225661.45931078144,3086743.8526247116,3011667.275,75.10556269995868,0,0,0.0
S4_DEMAND_25,Demand naik,operational_stress,+25%,all provinces,0.9,balanced,6,500,35316375758000.41,14182276563845.73,49498652321846.13,0.0,10470124020652.504,0.0,3712152543193.2266,0.0,0.0,0.9381993778923522,0.03819937789235217,1.0,227937.2381208552,3460330.458016915,3011667.275,59.32034310000017,0,0,0.0
S4_DEMAND_25,Demand naik,operational_stress,+25%,all provinces,0.9,balanced,7,500,33224512221355.953,19333513635082.35,52558025856438.305,40154938703.42394,8526768967096.499,0.0,10766589729282.43,0.0,441.2151550044839,0.9311092083849645,0.03110920838496445,0.9998534980412123,240954.20398994253,3256671.506807578,3011667.275,100.46645139995962,9,2,441.2151550044839
S4_DEMAND_25,Demand naik,operational_stress,+25%,all provinces,0.9,balanced,8,500,32641935004012.21,35810133307829.97,68452068311842.18,32600929092.585125,10621763464444.764,0.0,25155768914292.617,0.0,358.2130728454738,0.938752621808602,0.03875262180860195,0.9998810582178785,211687.07872798576,3244576.4378337124,3011667.275,96.54122349992394,9,0,358.2130728454738
S4_DEMAND_25,Demand naik,operational_stress,+25%,all provinces,0.9,balanced,9,500,33234210179184.066,33558387319427.28,66792597498611.34,114493532232.81068,8620042638696.153,0.0,24823851148498.316,0.0,1258.0340850278276,0.9314495096289435,0.03144950962894344,0.9995822798569182,239386.72105179977,3252735.9429295193,3011667.275,70.34305140003562,9,3,461.86163761255716
S4_DEMAND_25,Demand naik,operational_stress,+25%,all provinces,0.9,balanced,10,500,30767450607410.78,9409894927991.877,40177345535402.66,0.0,7061110321645.249,0.0,2348784606346.6274,0.0,0.0,0.9257618745474331,0.02576187454743306,1.0,240927.47721336148,3004406.0457525086,3011667.275,56.54647639999166,0,0,0.0
S4_DEMAND_50,Demand naik,operational_stress,+50%,all provinces,0.9,balanced,1,500,35555261607918.625,10079583375494.973,45634844983413.59,0.0,9833766030469.033,0.0,245817345025.93945,0.0,0.0,0.9359149014324322,0.035914901432432145,1.0,240982.89,3519374.749864141,3614000.7300000004,67.05630950024351,0,0,0.0
S4_DEMAND_50,Demand naik,operational_stress,+50%,all provinces,0.9,balanced,2,500,36704600079318.1,12788743360618.328,49493343439936.43,0.0,10477046939297.832,0.0,2311696421320.4956,0.0,0.0,0.9382642933502761,0.038264293350276035,1.0,240690.76838610822,3658037.8839275315,3614000.7300000004,51.01068600034341,0,0,0.0
S4_DEMAND_50,Demand naik,operational_stress,+50%,all provinces,0.9,balanced,3,500,35468245784721.414,9848735510773.305,45316981295494.72,0.0,9774643877839.727,0.0,74091632933.57779,0.0,0.0,0.9356989753795267,0.03569897537952671,1.0,240982.89,3506747.281056587,3614000.7300000004,47.35033529996872,0,0,0.0
S4_DEMAND_50,Demand naik,operational_stress,+50%,all provinces,0.9,balanced,4,500,35999983639281.58,12383246536899.465,48383230176181.04,350520891.6399668,10074134974530.504,0.0,2308761041477.3193,0.0,4.6265467124701445,0.9367927774065643,0.03679277740656428,0.9999987198268462,240654.29325000002,3566731.6885379893,3614000.7300000004,56.8451237003319,9,1,2.426372071709693
S4_DEMAND_50,Demand naik,operational_stress,+50%,all provinces,0.9,balanced,5,500,36600105436309.44,13141811390047.45,49741916826356.88,0.0,10372385552067.752,0.0,2769425837979.6973,0.0,0.0,0.9378820488068831,0.03788204880688306,1.0,240860.6271326342,3636611.5448620375,3614000.7300000004,86.29290599981323,0,0,0.0
S4_DEMAND_50,Demand naik,operational_stress,+50%,all provinces,0.9,balanced,6,500,36973621426002.26,16716895845468.846,53690517271471.1,0.0,10621225009946.018,0.0,6095670835522.828,0.0,0.0,0.9387908608097828,0.03879086080978278,1.0,240982.88221359794,3696057.9813199556,3614000.7300000004,56.60818770015612,0,0,0.0
S4_DEMAND_50,Demand naik,operational_stress,+50%,all provinces,0.9,balanced,7,500,42994997465988.59,17236014837684.332,60231012303672.93,295981662314.9035,14306212627521.414,0.0,2633820547848.0137,0.0,3906.680084966233,0.9522491805069254,0.0522491805069254,0.9989190151367329,215698.55497186497,4301471.145186863,3614000.7300000004,97.36710100015625,17,0,1568.8956228967681
S4_DEMAND_50,Demand naik,operational_stress,+50%,all provinces,0.9,balanced,8,500,38771827078501.03,53666419753538.73,92438246832039.75,47384787061.10481,13291725044680.857,0.0,40327309921796.766,0.0,625.4347059684808,0.9485440667764122,0.04854406677641221,0.9998269411788502,211787.3120397522,3904109.5101884613,3614000.7300000004,99.74102050019428,17,0,289.5595254441896
S4_DEMAND_50,Demand naik,operational_stress,+50%,all provinces,0.9,balanced,9,500,36663433574418.13,11375194303731.652,48038627878149.79,0.0,10352358806238.334,0.0,1022835497493.3181,0.0,0.0,0.9378089070827209,0.03780890708272089,1.0,240952.59516252342,3633438.155342805,3614000.7300000004,54.72378240013495,0,0,0.0
S4_DEMAND_50,Demand naik,operational_stress,+50%,all provinces,0.9,balanced,10,500,41276227695117.79,13397180726421.549,54673408421539.336,0.0,13382890478521.617,0.0,14290247899.93241,0.0,0.0,0.9488770213698295,0.04887702136982952,1.0,222298.62957794647,4126012.746918345,3614000.7300000004,47.70151440007612,0,0,0.0
S4_DEMAND_75,Demand naik,operational_stress,+75%,all provinces,0.9,balanced,1,500,44767905625227.35,40188398404683.016,84956304029910.38,0.0,14545663092266.85,0.0,25642735312416.168,0.0,0.0,0.9531108360161712,0.05311083601617117,1.0,222676.6924296214,4526324.430866552,4216334.185,74.54125969996676,0,0,0.0
S4_DEMAND_75,Demand naik,operational_stress,+75%,all provinces,0.9,balanced,2,500,45742960923884.99,29194484566771.406,74937445490656.4,959235362863.788,15644661325636.658,0.0,12590587878270.96,0.0,14767.596586925283,0.9571236276355232,0.057123627635523144,0.9964975270130478,209112.82567055427,4667998.13635208,4216334.185,110.8154108999297,29,0,2386.7025
S4_DEMAND_75,Demand naik,operational_stress,+75%,all provinces,0.9,balanced,3,500,42130515489966.62,17352175015109.562,59482690505076.18,183179623.04937574,12636727774006.678,0.0,4715264061479.836,0.0,2.8200824123728125,0.9461407068436143,0.046140706843614265,0.9999993311530139,240940.0324921423,4232568.964229176,4216334.185,58.91953549999744,9,7,2.8200824123728125
S4_DEMAND_75,Demand naik,operational_stress,+75%,all provinces,0.9,balanced,4,500,43449628264778.26,16980740791545.672,60430369056323.93,77963646490.89291,13973784223385.133,0.0,2928992921669.6475,0.0,1200.2640065164592,0.9510227246228558,0.05102272462285573,0.9997153299634581,226911.6101403958,4406086.211667514,4216334.185,46.88840729976073,31,0,374.007127699982
S4_DEMAND_75,Demand naik,operational_stress,+75%,all provinces,0.9,balanced,5,500,42398845069717.875,19521281326573.258,61920126396291.13,26611373411.137424,12862457618019.562,0.0,6632212335142.557,0.0,409.6867592396211,0.946964918201548,0.04696491820154802,0.9999028334232384,238974.9793331117,4267004.29380695,4216334.185,46.197991100139916,31,10,405.950428466542
S4_DEMAND_75,Demand naik,operational_stress,+75%,all provinces,0.9,balanced,6,500,49239987486007.336,41536996299004.65,90776983785011.98,96217843290.90065,16369355124783.324,0.0,25071423330930.42,0.0,1481.2905666258114,0.9597697148770789,0.05976971487707883,0.999648678092952,208865.41657873054,4982880.4520015055,4216334.185,87.14316140022129,10,1,1354.3527822403412
S4_DEMAND_75,Demand naik,operational_stress,+75%,all provinces,0.9,balanced,7,500,42023037236837.69,62016668331540.555,104039705568378.25,1533217357.125656,13024956268274.617,0.0,48990178845908.81,0.0,23.604150020601992,0.9475582523872638,0.047558252387263744,0.9999944017364409,231254.64516181432,4178488.654576173,4216334.185,40.93260180018842,11,11,2.7775231183113647
S4_DEMAND_75,Demand naik,operational_stress,+75%,all provinces,0.9,balanced,8,500,42956963841426.82,32430463132838.78,75387426974265.6,0.0,13076474988944.037,0.0,19353988143894.742,0.0,0.0,0.9477463636000617,0.04774636360006168,1.0,238175.0539463373,4319881.9609453315,4216334.185,49.04633830022067,0,0,0.0
S4_DEMAND_75,Demand naik,operational_stress,+75%,all provinces,0.9,balanced,9,500,43925324080433.516,28480593978086.754,72405918058520.27,97709930734.38293,13523053353733.225,0.0,14859830693619.146,0.0,1504.2615144148704,0.9493769630543621,0.04937696305436212,0.9996432300077716,235440.1010102574,4415408.904020544,4216334.185,71.0383283002302,10,1,1456.7306983289163
S4_DEMAND_75,Demand naik,operational_stress,+75%,all provinces,0.9,balanced,10,500,42630418481613.43,34335096930579.55,76965515412192.98,20193319748.655003,13310051527230.643,0.0,21004852083600.254,0.0,310.8796978758529,0.9485992257310951,0.0485992257310951,0.9999262677756944,232986.20253401707,4299751.014908311,4216334.185,44.40134539967403,10,11,193.8935047096238
S5_IMPORT_RELAX_92,Sensitivitas kebijakan impor,policy_sensitivity,92%,EPS_IMPORT_DEP only,0.92,balanced,1,500,23616411375987.33,933038278756.844,24549449654744.17,0.0,0.0,0.0,933038278756.844,0.0,0.0,0.9166673169847795,0.0,1.0,208496.0012129508,2293475.5382713787,2409333.82,30.560852699913085,0,0,0.0
S5_IMPORT_RELAX_92,Sensitivitas kebijakan impor,policy_sensitivity,92%,EPS_IMPORT_DEP only,0.92,balanced,2,500,23569248797188.04,1252518343347.452,24821767140535.492,0.0,0.0,0.0,1252518343347.452,0.0,0.0,0.9147637123090551,0.0,1.0,212830.70800785953,2284118.8163491203,2409333.82,38.720225899945945,0,0,0.0
S5_IMPORT_RELAX_92,Sensitivitas kebijakan impor,policy_sensitivity,92%,EPS_IMPORT_DEP only,0.92,balanced,3,500,24854252982455.613,1243660851638.2744,26097913834093.887,0.0,0.0,0.0,1243660851638.2744,0.0,0.0,0.9184744375534482,0.0,1.0,214146.69332403725,2412596.2189304084,2409333.82,48.94689519982785,0,0,0.0
S5_IMPORT_RELAX_92,Sensitivitas kebijakan impor,policy_sensitivity,92%,EPS_IMPORT_DEP only,0.92,balanced,4,500,23753485197835.043,713167657558.616,24466652855393.66,0.0,0.0,0.0,713167657558.616,0.0,0.0,0.9189025373739459,0.0,1.0,203762.9613729247,2308805.9251838527,2409333.82,32.75013139983639,0,0,0.0
S5_IMPORT_RELAX_92,Sensitivitas kebijakan impor,policy_sensitivity,92%,EPS_IMPORT_DEP only,0.92,balanced,5,500,23749109712196.773,611014628557.9355,24360124340754.71,0.0,0.0,0.0,611014628557.9355,0.0,0.0,0.914010699160857,0.0,1.0,216016.11106705866,2296111.664819289,2409333.82,33.32061700010672,0,0,0.0
S5_IMPORT_RELAX_92,Sensitivitas kebijakan impor,policy_sensitivity,92%,EPS_IMPORT_DEP only,0.92,balanced,6,500,23394724212925.277,569589446484.2264,23964313659409.504,1.0161579414738015e-07,0.0,0.0,569589446484.2264,0.0,8.881784197001252e-16,0.9146640589248238,0.0,1.0,211327.47954405157,2265090.7433227226,2409333.82,45.18294129986316,33,0,4.440892098500626e-16
S5_IMPORT_RELAX_92,Sensitivitas kebijakan impor,policy_sensitivity,92%,EPS_IMPORT_DEP only,0.92,balanced,7,500,23576422160181.87,502451239379.7721,24078873399561.645,0.0,0.0,0.0,502451239379.7721,0.0,0.0,0.9180457090952082,0.0,1.0,204588.5650416667,2291785.4842359,2409333.82,28.740093399770558,0,0,0.0
S5_IMPORT_RELAX_92,Sensitivitas kebijakan impor,policy_sensitivity,92%,EPS_IMPORT_DEP only,0.92,balanced,8,500,23938792302895.176,840553420701.312,24779345723596.49,5.080789707369008e-08,0.0,0.0,840553420701.312,0.0,4.440892098500626e-16,0.9190419000135812,0.0,1.0,205381.46347183807,2331504.450430443,2409333.82,44.0119038997218,2,4,4.440892098500626e-16
S5_IMPORT_RELAX_92,Sensitivitas kebijakan impor,policy_sensitivity,92%,EPS_IMPORT_DEP only,0.92,balanced,9,500,23887162123106.832,904712871736.3282,24791874994843.16,2.7537880213940022e-05,0.0,0.0,904712871736.3282,0.0,2.4069635173873394e-13,0.9184527451224367,0.0,1.0,205783.11141137307,2317699.8889709204,2409333.82,37.765529999975115,31,0,2.2737367544323206e-13
S5_IMPORT_RELAX_92,Sensitivitas kebijakan impor,policy_sensitivity,92%,EPS_IMPORT_DEP only,0.92,balanced,10,500,24584083359841.11,383173748323.7297,24967257108164.84,0.0,0.0,0.0,383173748323.7297,0.0,0.0,0.9194590949280192,0.0,1.0,209089.15615716472,2386972.509282258,2409333.82,47.50995790027082,0,0,0.0
S5_IMPORT_RELAX_95,Sensitivitas kebijakan impor,policy_sensitivity,95%,EPS_IMPORT_DEP only,0.95,balanced,1,500,25813011956207.88,1445108774335.4084,27258120730543.285,1273050187.6612024,0.0,0.0,1443835724147.7473,0.0,11.127164958588537,0.9251609958562345,0.0,0.999995381642483,203761.87931493853,2518907.6918021813,2409333.82,46.110046999994665,9,3,2.3216632667472368
S5_IMPORT_RELAX_95,Sensitivitas kebijakan impor,policy_sensitivity,95%,EPS_IMPORT_DEP only,0.95,balanced,2,500,26875270710455.434,765759753156.3624,27641030463611.797,0.0,0.0,0.0,765759753156.3624,0.0,0.0,0.929451256745693,0.0,1.0,200226.97526160075,2637909.69486791,2409333.82,49.11064799968153,0,0,0.0
S5_IMPORT_RELAX_95,Sensitivitas kebijakan impor,policy_sensitivity,95%,EPS_IMPORT_DEP only,0.95,balanced,3,500,26017045939538.316,525135671242.2782,26542181610780.594,0.0,0.0,0.0,525135671242.2782,0.0,0.0,0.9268887660144349,0.0,1.0,200509.98072605187,2542023.140321261,2409333.82,30.69660900020972,0,0,0.0
S5_IMPORT_RELAX_95,Sensitivitas kebijakan impor,policy_sensitivity,95%,EPS_IMPORT_DEP only,0.95,balanced,4,500,26315539225642.953,1055319551253.8729,27370858776896.824,0.0,0.0,0.0,1055319551253.8729,0.0,0.0,0.9279164874046288,0.0,1.0,200770.16062906597,2584473.696118819,2409333.82,35.701652800198644,0,0,0.0
S5_IMPORT_RELAX_95,Sensitivitas kebijakan impor,policy_sensitivity,95%,EPS_IMPORT_DEP only,0.95,balanced,5,500,26479349717703.895,908612172954.7887,27387961890658.684,0.0,0.0,0.0,908612172954.7887,0.0,0.0,0.9281351862582133,0.0,1.0,200231.187458889,2585988.897634885,2409333.82,40.60918869962916,0,0,0.0
S5_IMPORT_RELAX_95,Sensitivitas kebijakan impor,policy_sensitivity,95%,EPS_IMPORT_DEP only,0.95,balanced,6,500,27216262188986.12,882075220431.5549,28098337409417.676,537119001.480359,0.0,0.0,881538101430.0746,0.0,4.694718079296081,0.9296031475990937,0.0,0.9999980514455737,201297.93362325773,2658175.562107442,2409333.82,44.16624369984493,9,1,2.5898579723004787
S5_IMPORT_RELAX_95,Sensitivitas kebijakan impor,policy_sensitivity,95%,EPS_IMPORT_DEP only,0.95,balanced,7,500,30546399944458.418,4864767031298.72,35411166975757.14,54932989964.948326,0.0,2012980912391.6545,2796853128942.1167,0.0,480.1448104190066,0.93787911849183,0.0,0.9998007147011205,198752.7822174189,3000699.2762869257,2409333.82,42.79744980018586,9,1,480.1448104190066
S5_IMPORT_RELAX_95,Sensitivitas kebijakan impor,policy_sensitivity,95%,EPS_IMPORT_DEP only,0.95,balanced,8,500,26639641685015.34,1203876914438.4336,27843518599453.773,0.0,0.0,0.0,1203876914438.4336,0.0,0.0,0.9277902377102347,0.0,1.0,202479.74719199236,2601569.743782315,2409333.82,25.611973999999464,0,0,0.0
S5_IMPORT_RELAX_95,Sensitivitas kebijakan impor,policy_sensitivity,95%,EPS_IMPORT_DEP only,0.95,balanced,9,500,26472577367170.34,947268384537.292,27419845751707.633,0.0,0.0,0.0,947268384537.292,0.0,0.0,0.9278346765336127,0.0,1.0,200631.1881575654,2579529.4003419005,2409333.82,26.44473379990086,0,0,0.0
S5_IMPORT_RELAX_95,Sensitivitas kebijakan impor,policy_sensitivity,95%,EPS_IMPORT_DEP only,0.95,balanced,10,500,27469004578897.04,235778236239.9568,27704782815136.996,0.0,0.0,0.0,235778236239.9568,0.0,0.0,0.9303822555704585,0.0,1.0,200601.87802885007,2680874.3845621427,2409333.82,31.793303600046784,0,0,0.0
S5_IMPORT_FORCE_85,Sensitivitas kebijakan impor ketat,policy_sensitivity,85%,EPS_IMPORT_DEP only,0.85,import,1,500,23597198103394.418,15572077283105.781,39169275386500.2,0.0,14688645910525.783,0.0,883431372579.9972,0.0,2.3314683517128287e-15,0.9032873086333182,0.05328730863331821,1.0,240982.89,2250757.1969997943,2409333.82,32.65793470013887,32,11,8.881784197001252e-16
S5_IMPORT_FORCE_85,Sensitivitas kebijakan impor ketat,policy_sensitivity,85%,EPS_IMPORT_DEP only,0.85,import,2,500,23571748563728.15,15480204455117.025,39051953018845.17,0.0,14637980734481.992,0.0,842223720635.0339,0.0,0.0,0.9031035060630028,0.05310350606300285,1.0,240982.89,2246030.6252329545,2409333.82,28.327412500046194,0,0,0.0
S5_IMPORT_FORCE_85,Sensitivitas kebijakan impor ketat,policy_sensitivity,85%,EPS_IMPORT_DEP only,0.85,import,3,500,23651472421518.977,15674939977293.664,39326412398812.64,0.0,14770774033574.607,0.0,904165943719.0558,0.0,0.0,0.903585252137916,0.053585252137915984,1.0,240978.21030989362,2258413.383335092,2409333.82,27.819609600119293,0,0,0.0
S5_IMPORT_FORCE_85,Sensitivitas kebijakan impor ketat,policy_sensitivity,85%,EPS_IMPORT_DEP only,0.85,import,4,500,24073550423953.496,16332553087121.135,40406103511074.63,0.0,15240936338387.957,0.0,1091616748733.1776,0.0,1.7485102097127676,0.9052909017939124,0.055290901793912384,0.9999992742764846,240982.89,2303470.542294537,2409333.82,49.63882100023329,24,2,1.7485102097127676
S5_IMPORT_FORCE_85,Sensitivitas kebijakan impor ketat,policy_sensitivity,85%,EPS_IMPORT_DEP only,0.85,import,5,500,23727303108359.266,15851451081036.164,39578754189395.43,0.0,14821993158402.557,0.0,1029457922633.6084,0.0,4.6629367034256575e-15,0.9037710643175587,0.05377106431755874,1.0,240982.89,2263283.506494832,2409333.82,35.74665590003133,32,0,2.6645352591003757e-15
S5_IMPORT_FORCE_85,Sensitivitas kebijakan impor ketat,policy_sensitivity,85%,EPS_IMPORT_DEP only,0.85,import,6,500,23728462934516.82,15731288369074.555,39459751303591.375,0.0,14842149079641.846,0.0,889139289432.7091,0.0,1.1723955140041653e-13,0.9038441857477034,0.053844185747703444,1.0,240982.89,2265187.8691358115,2409333.82,31.73585670022294,28,0,1.1368683772161603e-13
S5_IMPORT_FORCE_85,Sensitivitas kebijakan impor ketat,policy_sensitivity,85%,EPS_IMPORT_DEP only,0.85,import,7,500,23675603733587.684,15534066712259.926,39209670445847.6,0.0,14731815280937.46,0.0,802251431322.4644,0.0,0.0,0.9034439180021222,0.053443918002122226,1.0,240982.89,2254798.680810803,2409333.82,24.554354999680072,0,0,0.0
S5_IMPORT_FORCE_85,Sensitivitas kebijakan impor ketat,policy_sensitivity,85%,EPS_IMPORT_DEP only,0.85,import,8,500,24198922430920.742,16685450898019.684,40884373328940.42,0.0,15276503805891.102,0.0,1408947092128.581,0.0,0.0,0.9054199330626685,0.05541993306266857,1.0,240982.81341700823,2306941.0908521963,2409333.82,28.02740369969979,0,0,0.0
S5_IMPORT_FORCE_85,Sensitivitas kebijakan impor ketat,policy_sensitivity,85%,EPS_IMPORT_DEP only,0.85,import,9,500,23895644824263.527,16220311744956.557,40115956569220.086,0.0,14990984003098.25,0.0,1229327741858.3062,0.0,0.0,0.9043841274516528,0.054384127451652775,1.0,240956.03742558204,2279086.2003707066,2409333.82,34.48395159980282,0,0,0.0
S5_IMPORT_FORCE_85,Sensitivitas kebijakan impor ketat,policy_sensitivity,85%,EPS_IMPORT_DEP only,0.85,import,10,500,24912577670292.066,16994326174776.365,41906903845068.43,0.0,15967972895854.25,0.0,1026353278922.1145,0.0,9.627630470632198e-09,0.9079284370481082,0.05792843704810824,0.999999999999996,240982.89,2376360.427240263,2409333.82,36.012581599876285,31,0,9.627626695873914e-09
S5_IMPORT_FORCE_80,Sensitivitas kebijakan impor sangat ketat,policy_sensitivity,80%,EPS_IMPORT_DEP only,0.8,import,1,500,23813642847054.625,29455639528458.105,53269282375512.73,0.0,28887670027742.188,0.0,567969500715.9178,0.0,0.0,0.9047983726915678,0.10479837269156778,1.0,239699.9670230322,2278113.790996644,2409333.82,31.255870799999684,0,0,0.0
S5_IMPORT_FORCE_80,Sensitivitas kebijakan impor sangat ketat,policy_sensitivity,80%,EPS_IMPORT_DEP only,0.8,import,2,500,23807438443897.906,29612106563466.977,53419545007364.875,0.0,28650828962768.44,0.0,961277600698.535,0.0,1.765254609153999e-13,0.903939163272049,0.103939163272049,1.0,240982.89,2267665.7769117355,2409333.82,26.4019148000516,31,0,1.7053025658242404e-13
S5_IMPORT_FORCE_80,Sensitivitas kebijakan impor sangat ketat,policy_sensitivity,80%,EPS_IMPORT_DEP only,0.8,import,3,500,23771137365935.734,29658648258823.473,53429785624759.21,0.0,28640205205198.35,0.0,1018443053625.1215,0.0,8.881784197001252e-16,0.9039006225207823,0.10390062252078225,1.0,240982.89,2266659.6808596775,2409333.82,27.875151100102812,37,11,8.881784197001252e-16
S5_IMPORT_FORCE_80,Sensitivitas kebijakan impor sangat ketat,policy_sensitivity,80%,EPS_IMPORT_DEP only,0.8,import,4,500,24560047660305.457,29842753278470.246,54402800938775.695,0.0,29378521110637.36,0.0,464232167832.88525,0.0,33.77802506440799,0.9065790768699217,0.10657907686992163,0.999985980346607,240979.78228508704,2338525.6883421857,2409333.82,51.05320840002969,25,9,32.03914239737621
S5_IMPORT_FORCE_80,Sensitivitas kebijakan impor sangat ketat,policy_sensitivity,80%,EPS_IMPORT_DEP only,0.8,import,5,500,23903665742020.94,29743925945125.734,53647591687146.68,0.0,28767962088254.445,0.0,975963856871.289,0.0,0.0,0.9043640975408018,0.10436409754080178,1.0,240982.82335004842,2278811.7010218087,2409333.82,31.31648680008948,0,0,0.0
S5_IMPORT_FORCE_80,Sensitivitas kebijakan impor sangat ketat,policy_sensitivity,80%,EPS_IMPORT_DEP only,0.8,import,6,500,23794320646500.336,29945409810548.387,53739730457048.73,0.0,28713568975684.3,0.0,1231840834864.0867,0.0,0.0,0.9041667708032177,0.10416677080321768,1.0,240978.8344569879,2273585.6488306043,2409333.82,30.4050525999628,0,0,0.0
S5_IMPORT_FORCE_80,Sensitivitas kebijakan impor sangat ketat,policy_sensitivity,80%,EPS_IMPORT_DEP only,0.8,import,7,500,24329187678483.574,30068064208260.61,54397251886744.18,0.0,29181727911902.117,0.0,886336296358.4908,0.0,0.0,0.905865152660582,0.10586515266058194,1.0,240935.7662408736,2318538.99842456,2409333.82,25.9364168997854,0,0,0.0
S5_IMPORT_FORCE_80,Sensitivitas kebijakan impor sangat ketat,policy_sensitivity,80%,EPS_IMPORT_DEP only,0.8,import,8,500,23651958413708.98,30202074534798.105,53854032948507.086,0.0,28526505492666.965,0.0,1675569042131.1401,0.0,0.0,0.903488143949913,0.1034881439499129,1.0,240982.89,2255942.3569348077,2409333.82,29.891251199878752,0,0,0.0
S5_IMPORT_FORCE_80,Sensitivitas kebijakan impor sangat ketat,policy_sensitivity,80%,EPS_IMPORT_DEP only,0.8,import,9,500,24351361633053.676,30937645547937.27,55289007180990.945,0.0,29493593915350.12,0.0,1444051632587.1484,0.0,98.85455026479919,0.9069965367295563,0.10699653672955622,0.9999589701728153,239025.70704235224,2331047.477730263,2409333.82,47.052279099822044,9,2,98.85455026479917
S5_IMPORT_FORCE_80,Sensitivitas kebijakan impor sangat ketat,policy_sensitivity,80%,EPS_IMPORT_DEP only,0.8,import,10,500,25577746825107.094,32211856139505.703,57789602964612.79,0.0,30469625970955.19,0.0,1742230168550.5107,0.0,0.0,0.9105373751226834,0.11053737512268336,1.0,240953.46928662664,2452388.802047967,2409333.82,44.56173039972782,0,0,0.0
