config,label,use_tabu,use_prs,SA_COOLING,SA_PAPER,SA_REDU,TABU_TENURE,SUB_IT,PRS_EVERY_ITER,PRS_SUB_IT,PRS_ALPHA,PRS_MOVE_MIN_FRAC,PRS_MOVE_MAX_FRAC,seed,z_cost,total_penalty,objective,shortage,import_dep,service_rate,local_prod,elapsed_seconds,worst_shortage_prov,worst_shortage_month,worst_shortage_val,mean_destruction_scale,min_destruction_scale,max_destruction_scale,std_destruction_scale,shortage_m01,shortage_m02,shortage_m03,shortage_m04,shortage_m05,shortage_m06,shortage_m07,shortage_m08,shortage_m09,shortage_m10,shortage_m11,shortage_m12,d_destroy_random_temporal,d_destroy_cost_based,d_destroy_shortage_based,d_destroy_geographic,d_destroy_bottleneck_port,d_destroy_relatedness,r_repair_greedy,r_repair_regret,r_repair_balanced,r_repair_transfer_focused,d_w_destroy_random_temporal,d_w_destroy_cost_based,d_w_destroy_shortage_based,d_w_destroy_geographic,d_w_destroy_bottleneck_port,d_w_destroy_relatedness,r_w_repair_greedy,r_w_repair_regret,r_w_repair_balanced,r_w_repair_transfer_focused
ALNS-TS,ALNS-TS | geometric | standard SA,True,False,geometric,False,0.99,12,30,,,,,,1,25436023336440.434,5872845777171.795,31308869113612.23,0.0,0.9099567608083113,1.0,240982.8899999999,94.29226980009116,0,0,0.0,0.1971388041199473,0.010964912280701754,0.3498773632712826,0.09984231329336701,0.0,0.0,0.0,0.0,0.0,0.0,0.0,0.0,0.0,0.0,0.0,0.0,76,76,100,98,70,80,141,111,119,129,0.100207,0.1,0.100163,0.100282,0.1,0.100023,0.100064,0.1,0.1,0.100009
ALNS-TS,ALNS-TS | geometric | standard SA,True,False,geometric,False,0.99,12,30,,,,,,2,23439371170230.383,1243550791487.8743,24682921961718.258,0.0,0.9026885528320217,1.0,240982.89,80.08868739986792,0,0,0.0,0.22663902649502302,0.010964912280701754,0.3497043402816016,0.07895204442599162,0.0,0.0,0.0,0.0,0.0,0.0,0.0,0.0,0.0,0.0,0.0,0.0,97,59,82,83,68,111,194,87,120,99,0.231805,0.1,0.10099,0.101132,0.1,0.198628,0.211216,0.1,0.104292,0.1
ALNS-TS,ALNS-TS | geometric | standard SA,True,False,geometric,False,0.99,12,30,,,,,,3,23424118970230.055,1778367921110.403,25202486891340.457,0.0,0.9025764167703877,1.0,240982.88999999998,80.25738189998083,0,0,0.0,0.2234875050956947,0.010964912280701754,0.34993364899897217,0.08192332639464169,0.0,0.0,0.0,0.0,0.0,0.0,0.0,0.0,0.0,0.0,0.0,0.0,87,71,87,104,70,81,179,108,124,89,0.101194,0.1,0.156143,0.100409,0.1,0.10571,0.119302,0.1,0.100095,0.1
ALNS-TS,ALNS-TS | geometric | standard SA,True,False,geometric,False,0.99,12,30,,,,,,4,23951744827970.77,2437520905416.01,26389265733386.78,0.0,0.9048073469496373,1.0,240982.89,86.97546610003337,0,0,0.0,0.22043845241273238,0.010964912280701754,0.34998108882298845,0.0856679684288046,0.0,0.0,0.0,0.0,0.0,0.0,0.0,0.0,0.0,0.0,0.0,0.0,81,72,117,84,61,85,169,95,102,134,0.116995,0.1,0.124821,0.142547,0.1,0.103033,0.226184,0.1,0.100079,0.100001
ALNS-TS,ALNS-TS | geometric | standard SA,True,False,geometric,False,0.99,12,30,,,,,,5,23449371075778.65,2066796408311.0508,25516167484089.7,0.0,0.9028107266994528,1.0,240982.89,91.59109820006415,0,0,0.0,0.22873316920936831,0.010964912280701754,0.3495506169755382,0.0761620159555848,0.0,0.0,0.0,0.0,0.0,0.0,0.0,0.0,0.0,0.0,0.0,0.0,96,57,133,77,51,86,191,110,105,94,0.10297,0.1,0.178836,0.100179,0.1,0.124642,0.244752,0.100502,0.1,0.1
ALNS-TS,ALNS-TS | geometric | standard SA,True,False,geometric,False,0.99,12,30,,,,,,6,23821370353070.473,2191594362937.175,26012964716007.65,0.0,0.9042900548668361,1.0,240982.88693890598,92.3795149999205,0,0,0.0,0.2178007339098734,0.010964912280701754,0.3498585948752459,0.08747310449560226,0.0,0.0,0.0,0.0,0.0,0.0,0.0,0.0,0.0,0.0,0.0,0.0,79,62,97,91,62,109,167,112,105,116,0.132017,0.1,0.214604,0.10129,0.1,0.191099,0.235515,0.12111,0.225198,0.129668
ALNS-TS,ALNS-TS | geometric | standard SA,True,False,geometric,False,0.99,12,30,,,,,,7,23478557579264.84,1590335889712.5679,25068893468977.41,0.0,0.9027602546751312,1.0,240982.89,71.21059839986265,0,0,0.0,0.2171831331825039,0.010964912280701754,0.3495725600633261,0.09122610573705166,0.0,0.0,0.0,0.0,0.0,0.0,0.0,0.0,0.0,0.0,0.0,0.0,80,62,126,98,60,74,175,105,108,112,0.203842,0.100034,0.112815,0.100192,0.1,0.170143,0.145753,0.105006,0.108904,0.100156
ALNS-TS,ALNS-TS | geometric | standard SA,True,False,geometric,False,0.99,12,30,,,,,,8,23658031123610.39,2299039371264.924,25957070494875.312,0.0,0.9035621656711912,1.0,240982.89,72.28206590004265,0,0,0.0,0.20985873735585775,0.010964912280701754,0.3499217508119565,0.09812193428804744,0.0,0.0,0.0,0.0,0.0,0.0,0.0,0.0,0.0,0.0,0.0,0.0,91,54,125,96,51,83,153,120,104,123,0.17045,0.1,0.111589,0.140487,0.1,0.103453,0.219074,0.112702,0.100007,0.107181
ALNS-TS,ALNS-TS | geometric | standard SA,True,False,geometric,False,0.99,12,30,,,,,,9,23514919857276.09,1969710889530.884,25484630746806.973,0.0,0.9029887278960236,1.0,240982.88999999996,64.41051129996777,0,0,0.0,0.22376271026200523,0.010964912280701754,0.3493975242045644,0.08554068686878197,0.0,0.0,0.0,0.0,0.0,0.0,0.0,0.0,0.0,0.0,0.0,0.0,100,67,98,97,75,63,187,95,119,99,0.206319,0.1,0.102083,0.103194,0.1,0.100049,0.156639,0.1,0.100018,0.1
ALNS-TS,ALNS-TS | geometric | standard SA,True,False,geometric,False,0.99,12,30,,,,,,10,23857569919225.055,2500447204913.713,26358017124138.77,0.0,0.9042341964127995,1.0,240982.88999999998,70.31605940009467,0,0,0.0,0.22328358129674433,0.010964912280701754,0.3495096050456363,0.0804761871694228,0.0,0.0,0.0,0.0,0.0,0.0,0.0,0.0,0.0,0.0,0.0,0.0,87,64,94,106,60,89,176,101,109,114,0.100082,0.1,0.100761,0.100136,0.1,0.124878,0.118711,0.1,0.100236,0.1
ALNS-TS,ALNS-TS | geometric | standard SA,True,False,geometric,False,0.99,12,30,,,,,,11,24265019908474.383,2187188788278.3003,26452208696752.684,2.2737367544323206e-13,0.9056404627101764,1.0,240982.88999999946,63.353688299888745,9,0,2.2737367544323206e-13,0.19969865452432867,0.010964912280701754,0.34930806429417005,0.09853192428174672,2.2737367544323206e-13,0.0,0.0,0.0,0.0,0.0,0.0,0.0,0.0,0.0,0.0,0.0,84,73,93,84,88,78,168,93,108,131,0.100017,0.1,0.100011,0.100011,0.1,0.100051,0.1,0.1,0.1,0.1
ALNS-TS,ALNS-TS | geometric | standard SA,True,False,geometric,False,0.99,12,30,,,,,,12,23363984606105.742,1376984536278.2764,24740969142384.02,0.0,0.9023121156181604,1.0,240982.88999999998,67.39688530005515,0,0,0.0,0.22217315672932603,0.010964912280701754,0.34994445305164357,0.08519370273773721,0.0,0.0,0.0,0.0,0.0,0.0,0.0,0.0,0.0,0.0,0.0,0.0,105,64,107,68,61,95,181,115,113,91,0.100549,0.1,0.102143,0.100142,0.1,0.101737,0.105112,0.100047,0.100007,0.100028
ALNS-TS,ALNS-TS | geometric | standard SA,True,False,geometric,False,0.99,12,30,,,,,,13,24031272577632.27,2799796601088.2974,26831069178720.566,111.23094807295772,0.9048130732796127,0.9999538333180942,240982.8899999996,76.65918170008808,28,2,86.9138727498925,0.21793992414198898,0.010964912280701754,0.34952372285379374,0.08436833006631637,2.842170943040401e-14,0.0,90.05842359891642,0.0,0.0,0.0,0.0,0.0,1.5404156047383823,3.6525114929882747,11.31959737631461,4.66,93,70,102,78,64,93,175,110,104,111,0.100789,0.100001,0.322118,0.104164,0.1,0.10017,0.319193,0.100002,0.100051,0.102128
ALNS-TS,ALNS-TS | geometric | standard SA,True,False,geometric,False,0.99,12,30,,,,,,14,23960577166243.902,1928490978772.0352,25889068145015.938,0.8441580926159175,0.9047039081038031,0.9999996496300821,240982.8899170292,91.67259990004823,32,5,0.378922296098712,0.21276928206172863,0.010964912280701754,0.3494625026093847,0.08717498997653027,1.3642420526593924e-12,0.0,0.0,0.0,0.0,0.8441580926145532,0.0,0.0,0.0,0.0,0.0,0.0,75,78,87,91,75,94,143,130,104,123,0.116695,0.1,0.217678,0.100032,0.1,0.100051,0.133809,0.111865,0.100001,0.173608
ALNS-TS,ALNS-TS | geometric | standard SA,True,False,geometric,False,0.99,12,30,,,,,,15,23572549818494.113,1628787812425.7705,25201337630919.883,0.0,0.9032016741934824,1.0,240982.89,64.98836210020818,0,0,0.0,0.2289823852598169,0.010964912280701754,0.3495722679918576,0.08229251822801174,0.0,0.0,0.0,0.0,0.0,0.0,0.0,0.0,0.0,0.0,0.0,0.0,86,75,95,84,65,95,194,100,112,94,0.105413,0.1,0.106365,0.194923,0.1,0.142812,0.172776,0.101584,0.13941,0.100002
ALNS-TS,ALNS-TS | geometric | standard SA,True,False,geometric,False,0.99,12,30,,,,,,16,23808821693696.027,2257209629111.374,26066031322807.4,0.0,0.9040714001902315,1.0,240982.89,63.701216500019655,0,0,0.0,0.220181915643155,0.010964912280701754,0.34984653687530015,0.08514032759834461,0.0,0.0,0.0,0.0,0.0,0.0,0.0,0.0,0.0,0.0,0.0,0.0,77,57,99,106,70,91,203,79,139,79,0.101343,0.1,0.151409,0.110068,0.1,0.110198,0.114483,0.1,0.115823,0.100028
ALNS-TS,ALNS-TS | geometric | standard SA,True,False,geometric,False,0.99,12,30,,,,,,17,23995590840705.164,3302716694429.42,27298307535134.582,99.64332938123701,0.9047787936614766,0.9999586427880794,240982.88999999998,76.94381950004026,24,10,21.5,0.19419851896452153,0.010964912280701754,0.34997325510112703,0.10477770509511249,0.0,0.0,0.0,0.0,0.0,0.0,3.9933293812370074,18.55,16.5,18.55,21.5,20.55,99,64,91,89,80,77,157,110,110,123,0.100323,0.1,0.162295,0.100106,0.1,0.10568,0.10001,0.1,0.1,0.171067
ALNS-TS,ALNS-TS | geometric | standard SA,True,False,geometric,False,0.99,12,30,,,,,,18,23773606426004.203,1925239734625.893,25698846160630.098,298.9545816954364,0.9038795142573381,0.9998759181566232,240982.88999999998,81.88111650012434,18,2,298.9545816954364,0.2231305223350093,0.010964912280701754,0.3498422684547186,0.08291410766799467,0.0,0.0,298.9545816954364,0.0,0.0,0.0,0.0,0.0,0.0,0.0,0.0,0.0,96,58,106,78,64,98,189,120,93,98,0.145378,0.100001,0.131146,0.130108,0.1,0.121459,0.115694,0.1,0.10004,0.1
ALNS-TS,ALNS-TS | geometric | standard SA,True,False,geometric,False,0.99,12,30,,,,,,19,23450719887827.324,791032842713.2197,24241752730540.543,0.0,0.9027340312608785,1.0,240982.88999999998,64.81791500002146,0,0,0.0,0.22084682346132606,0.010964912280701754,0.3495819152583461,0.08548477011793343,0.0,0.0,0.0,0.0,0.0,0.0,0.0,0.0,0.0,0.0,0.0,0.0,95,76,108,97,54,70,177,96,128,99,0.115202,0.1,0.103831,0.114862,0.1,0.101356,0.152603,0.100668,0.10156,0.100001
ALNS-TS,ALNS-TS | geometric | standard SA,True,False,geometric,False,0.99,12,30,,,,,,20,23443440480427.53,2084423607540.2231,25527864087967.754,0.0,0.9027712847052951,1.0,240982.88999999998,67.11189639987424,0,0,0.0,0.22064880122341304,0.010964912280701754,0.3498075240879373,0.08475245132439577,0.0,0.0,0.0,0.0,0.0,0.0,0.0,0.0,0.0,0.0,0.0,0.0,84,81,95,88,55,97,173,102,112,113,0.101618,0.1,0.109148,0.166855,0.1,0.122355,0.126356,0.10117,0.116219,0.1
ALNS-TS,ALNS-TS | geometric | standard SA,True,False,geometric,False,0.99,12,30,,,,,,21,23590463435825.984,1619596083223.3242,25210059519049.31,386.33534425345,0.9031494189153803,0.9998396505535901,240982.89,56.5080956001766,18,11,168.83,0.19745790272351985,0.010964912280701754,0.3499523643533056,0.10664702205990192,0.0,0.0,0.0,0.0,0.0,0.0,0.0,0.0,37.01534425344994,98.73,81.76,168.83,87,67,108,94,69,75,135,117,100,148,0.1646,0.100002,0.296709,0.152879,0.1,0.1,0.243853,0.101599,0.1,0.150095
ALNS-TS,ALNS-TS | geometric | standard SA,True,False,geometric,False,0.99,12,30,,,,,,22,24033990935169.61,2079682528894.0747,26113673464063.684,2.3395729797925924e-12,0.904823433324632,1.0,240982.89,59.5670435000211,31,0,2.3305801732931286e-12,0.20613433284560323,0.010964912280701754,0.349889170386212,0.09690589991955519,2.3395729797925924e-12,0.0,0.0,0.0,0.0,0.0,0.0,0.0,0.0,0.0,0.0,0.0,83,67,124,77,63,86,168,113,109,110,0.10425,0.1,0.229207,0.121165,0.1,0.109657,0.100647,0.150271,0.103693,0.20397
ALNS-TS,ALNS-TS | geometric | standard SA,True,False,geometric,False,0.99,12,30,,,,,,23,23414688850207.59,1336557391198.515,24751246241406.105,2.384759056894836e-13,0.9026020951066833,1.0,240924.61155122687,63.0079218999017,31,0,2.2737367544323206e-13,0.21717940058784888,0.010964912280701754,0.3499731370110186,0.08474616553871005,2.384759056894836e-13,0.0,0.0,0.0,0.0,0.0,0.0,0.0,0.0,0.0,0.0,0.0,82,63,114,107,59,75,191,120,89,100,0.418728,0.1,0.27294,0.109607,0.1,0.121487,0.380498,0.100041,0.1,0.100001
ALNS-TS,ALNS-TS | geometric | standard SA,True,False,geometric,False,0.99,12,30,,,,,,24,23713180119923.66,1887446122633.2952,25600626242556.953,0.0,0.9037322179760096,1.0,240982.88999999993,54.39357839990407,0,0,0.0,0.226699360679153,0.010964912280701754,0.34959602047086025,0.0816790973507696,0.0,0.0,0.0,0.0,0.0,0.0,0.0,0.0,0.0,0.0,0.0,0.0,92,65,100,91,59,93,196,95,107,102,0.114703,0.100002,0.122908,0.101773,0.1,0.142055,0.101761,0.1,0.138283,0.100007
ALNS-TS,ALNS-TS | geometric | standard SA,True,False,geometric,False,0.99,12,30,,,,,,25,23698124319658.016,1650147402895.6685,25348271722553.684,0.0,0.9036641323706487,1.0,240982.89,62.04071930004284,0,0,0.0,0.22569744271952838,0.010964912280701754,0.3499948521994967,0.07810488357023303,0.0,0.0,0.0,0.0,0.0,0.0,0.0,0.0,0.0,0.0,0.0,0.0,100,61,105,94,63,77,196,105,106,93,0.20422,0.1,0.214129,0.100048,0.1,0.165917,0.175871,0.1,0.150033,0.1
ALNS-TS,ALNS-TS | geometric | standard SA,True,False,geometric,False,0.99,12,30,,,,,,26,23936422176339.613,2685367922727.8457,26621790099067.457,0.0,0.9044205764773515,1.0,240982.88999999998,60.61029429989867,0,0,0.0,0.22745733904460239,0.010964912280701754,0.34999986322803384,0.08246573616113577,0.0,0.0,0.0,0.0,0.0,0.0,0.0,0.0,0.0,0.0,0.0,0.0,83,62,122,98,52,83,185,90,123,102,0.102887,0.1,0.115097,0.170106,0.1,0.106525,0.125831,0.1,0.109023,0.100007
ALNS-TS,ALNS-TS | geometric | standard SA,True,False,geometric,False,0.99,12,30,,,,,,27,23536574038585.957,1708923603783.4082,25245497642369.363,0.0,0.9031158012733398,1.0,240982.89,61.02154990006238,0,0,0.0,0.22241339355854284,0.010964912280701754,0.34923883994398164,0.08230796268227927,0.0,0.0,0.0,0.0,0.0,0.0,0.0,0.0,0.0,0.0,0.0,0.0,98,66,108,96,48,84,194,95,103,108,0.100941,0.1,0.130008,0.119256,0.100001,0.123037,0.137532,0.100004,0.100554,0.1
ALNS-TS,ALNS-TS | geometric | standard SA,True,False,geometric,False,0.99,12,30,,,,,,28,23502824481555.65,3310480483915.887,26813304965471.535,0.0,0.9026316578629017,1.0,240982.88999999998,57.55399530008435,0,0,0.0,0.21477237804536062,0.010964912280701754,0.34847704709627775,0.0904034620394712,0.0,0.0,0.0,0.0,0.0,0.0,0.0,0.0,0.0,0.0,0.0,0.0,101,59,77,103,68,92,155,130,102,113,0.100015,0.1,0.10212,0.100074,0.1,0.100181,0.100005,0.100068,0.1,0.100005
ALNS-TS,ALNS-TS | geometric | standard SA,True,False,geometric,False,0.99,12,30,,,,,,29,23768516247126.355,2156130650543.2642,25924646897669.62,0.0,0.9040121889627943,1.0,240982.88999999993,57.87695350009017,0,0,0.0,0.21193956845496292,0.010964912280701754,0.3496597388008782,0.09438738962584563,0.0,0.0,0.0,0.0,0.0,0.0,0.0,0.0,0.0,0.0,0.0,0.0,74,75,119,93,54,85,162,123,111,104,0.100075,0.1,0.261798,0.100109,0.1,0.158911,0.100707,0.241585,0.1,0.1
ALNS-TS,ALNS-TS | geometric | standard SA,True,False,geometric,False,0.99,12,30,,,,,,30,23794098120016.285,1504273185450.4316,25298371305466.72,0.0,0.9039663914442276,1.0,240982.88997267815,56.862234900007024,0,0,0.0,0.22724584804667888,0.010964912280701754,0.3495713718565537,0.08343563459837999,0.0,0.0,0.0,0.0,0.0,0.0,0.0,0.0,0.0,0.0,0.0,0.0,79,61,102,101,56,101,186,99,116,99,0.130124,0.1,0.108649,0.141139,0.1,0.10096,0.107659,0.116685,0.102477,0.1
ALNS-TS,ALNS-TS | geometric | standard SA,True,False,geometric,False,0.99,12,30,,,,,,31,23840102993137.9,2412684619790.6357,26252787612928.535,0.0,0.9039506674030332,1.0,240982.8899999999,54.72450380004011,0,0,0.0,0.22349500305749712,0.010964912280701754,0.34867691768448306,0.08161007444819696,0.0,0.0,0.0,0.0,0.0,0.0,0.0,0.0,0.0,0.0,0.0,0.0,88,55,91,112,54,100,157,112,122,109,0.124606,0.1,0.188417,0.110283,0.1,0.113152,0.211892,0.100624,0.100002,0.100909
ALNS-TS,ALNS-TS | geometric | standard SA,True,False,geometric,False,0.99,12,30,,,,,,32,24156186775368.97,2580353887238.251,26736540662607.22,0.0,0.9053455576343403,1.0,240982.86412772437,58.832685000030324,0,0,0.0,0.2191673826634436,0.010964912280701754,0.34999998610572064,0.08575893415659935,0.0,0.0,0.0,0.0,0.0,0.0,0.0,0.0,0.0,0.0,0.0,0.0,84,59,101,95,64,97,171,94,124,111,0.140487,0.1,0.183079,0.192233,0.1,0.128284,0.19837,0.152736,0.123514,0.143947
ALNS-TS,ALNS-TS | geometric | standard SA,True,False,geometric,False,0.99,12,30,,,,,,33,23504224016617.43,3052591252489.022,26556815269106.453,4.440892098500626e-16,0.9029212494299332,1.0,240982.89,56.641718400176615,34,2,4.440892098500626e-16,0.21865472561143404,0.010964912280701754,0.34923700114118417,0.08888536525772453,0.0,0.0,4.440892098500626e-16,0.0,0.0,0.0,0.0,0.0,0.0,0.0,0.0,0.0,92,75,87,89,69,88,162,108,137,93,0.129667,0.1,0.171587,0.100292,0.1,0.100002,0.28631,0.128204,0.10396,0.10657
ALNS-TS,ALNS-TS | geometric | standard SA,True,False,geometric,False,0.99,12,30,,,,,,34,23802574058960.586,2121673176540.8909,25924247235501.477,0.0,0.9041184142897696,1.0,240982.89,58.08528340002522,0,0,0.0,0.2309531868412571,0.010964912280701754,0.34998236178343745,0.07717265675276623,0.0,0.0,0.0,0.0,0.0,0.0,0.0,0.0,0.0,0.0,0.0,0.0,117,57,84,91,52,99,209,91,113,87,0.187098,0.1,0.10045,0.113276,0.1,0.106153,0.132703,0.100001,0.100818,0.100005
ALNS-TS,ALNS-TS | geometric | standard SA,True,False,geometric,False,0.99,12,30,,,,,,35,23500387200573.773,2080914091488.0088,25581301292061.78,0.0,0.902869152250505,1.0,240982.88999999993,61.243094800040126,0,0,0.0,0.22525499021255777,0.010964912280701754,0.34979446808463943,0.08388198412005904,0.0,0.0,0.0,0.0,0.0,0.0,0.0,0.0,0.0,0.0,0.0,0.0,87,68,109,85,61,90,181,81,141,97,0.119734,0.1,0.107682,0.100045,0.1,0.105038,0.110952,0.1,0.1,0.1
ALNS-TS,ALNS-TS | geometric | standard SA,True,False,geometric,False,0.99,12,30,,,,,,36,24075996984143.473,1410722933689.6306,25486719917833.1,0.0,0.9048858137595562,1.0,240982.8899999999,55.92858489998616,0,0,0.0,0.21631723420913984,0.010964912280701754,0.34854888141593177,0.0839682791745821,0.0,0.0,0.0,0.0,0.0,0.0,0.0,0.0,0.0,0.0,0.0,0.0,88,73,97,86,68,88,180,102,108,110,0.102753,0.1,0.122727,0.146604,0.1,0.109317,0.119883,0.102239,0.102227,0.100835
ALNS-TS,ALNS-TS | geometric | standard SA,True,False,geometric,False,0.99,12,30,,,,,,37,23326522722193.633,1126746183934.7898,24453268906128.42,0.0,0.902210209321269,1.0,240982.89,57.94195030000992,0,0,0.0,0.22844017257239183,0.010964912280701754,0.34949713555826944,0.07996849600532258,0.0,0.0,0.0,0.0,0.0,0.0,0.0,0.0,0.0,0.0,0.0,0.0,100,63,122,73,66,76,206,106,93,95,0.268925,0.1,0.133565,0.101203,0.1,0.101297,0.252771,0.1,0.100012,0.1
ALNS-TS,ALNS-TS | geometric | standard SA,True,False,geometric,False,0.99,12,30,,,,,,38,23876146500744.67,2650673924555.229,26526820425299.902,2.543050509450566,0.9047090906340066,0.9999989445005552,240982.88999999998,63.87330830004066,24,7,2.2142252731233967,0.209159914610722,0.010964912280701754,0.3490300928747498,0.09371282467855954,2.8990143619012088e-12,0.0,0.0,0.0,0.0,0.0,0.0,2.2142252731233967,0.0,0.3288252363242705,0.0,0.0,85,70,94,106,60,85,158,104,122,116,0.247374,0.100095,0.123355,0.100012,0.1,0.100827,0.255043,0.1,0.1,0.109713
ALNS-TS,ALNS-TS | geometric | standard SA,True,False,geometric,False,0.99,12,30,,,,,,39,23348065739777.13,1480572444965.2832,24828638184742.414,0.0,0.9023150126528562,1.0,240982.89,56.18996820016764,0,0,0.0,0.2227535503963677,0.010964912280701754,0.34999338059332696,0.08383788751600935,0.0,0.0,0.0,0.0,0.0,0.0,0.0,0.0,0.0,0.0,0.0,0.0,93,54,103,92,67,91,193,106,116,85,0.101593,0.100001,0.101053,0.172625,0.1,0.123534,0.101399,0.100198,0.182244,0.100017
ALNS-TS,ALNS-TS | geometric | standard SA,True,False,geometric,False,0.99,12,30,,,,,,40,23603667787067.363,1774140497599.3525,25377808284666.72,0.0,0.9032336403313461,1.0,240982.88999999998,60.492323300102726,0,0,0.0,0.22124283101544218,0.010964912280701754,0.3497296412091097,0.08102599341728928,0.0,0.0,0.0,0.0,0.0,0.0,0.0,0.0,0.0,0.0,0.0,0.0,105,62,82,81,72,98,179,109,115,97,0.106407,0.1,0.100018,0.100024,0.1,0.152867,0.112012,0.128126,0.121094,0.1
ALNS-TS,ALNS-TS | geometric | standard SA,True,False,geometric,False,0.99,12,30,,,,,,41,23417702872164.26,1426134059955.5176,24843836932119.78,4.440892098500626e-16,0.9025584392464642,1.0,240982.89000000004,59.02194140013307,34,2,4.440892098500626e-16,0.2277532614686065,0.010964912280701754,0.3493206421922854,0.07848542153326006,0.0,0.0,4.440892098500626e-16,0.0,0.0,0.0,0.0,0.0,0.0,0.0,0.0,0.0,102,61,109,89,64,75,200,96,112,92,0.116756,0.1,0.172515,0.10545,0.1,0.150237,0.176516,0.100016,0.15,0.100021
ALNS-TS,ALNS-TS | geometric | standard SA,True,False,geometric,False,0.99,12,30,,,,,,42,23819344148779.695,1849321918061.6582,25668666066841.35,0.0,0.9039492547423617,1.0,240982.89,64.44435540004633,0,0,0.0,0.2241851982159639,0.010964912280701754,0.3489629785659216,0.08112533622924581,0.0,0.0,0.0,0.0,0.0,0.0,0.0,0.0,0.0,0.0,0.0,0.0,102,65,91,89,53,100,188,95,124,93,0.101204,0.1,0.256966,0.100048,0.1,0.238578,0.103351,0.11168,0.224585,0.168562
ALNS-TS,ALNS-TS | geometric | standard SA,True,False,geometric,False,0.99,12,30,,,,,,43,24073341900040.7,2250175559776.9004,26323517459817.6,0.0,0.9051846646752596,1.0,240947.8362505853,56.92195689980872,0,0,0.0,0.22904246299133588,0.010964912280701754,0.34955575864888117,0.07828004785841666,0.0,0.0,0.0,0.0,0.0,0.0,0.0,0.0,0.0,0.0,0.0,0.0,104,67,78,95,48,108,196,105,110,89,0.100836,0.1,0.113305,0.299642,0.100001,0.100273,0.229122,0.1,0.107077,0.1
ALNS-TS,ALNS-TS | geometric | standard SA,True,False,geometric,False,0.99,12,30,,,,,,44,24477769836261.938,3600937088652.057,28078706924913.992,186.26579745019603,0.906921831027225,0.9999226899170617,240926.62264903585,69.210044400068,9,11,186.26579745019603,0.1990497441903009,0.010964912280701754,0.34930693027906407,0.09690151638462682,0.0,0.0,0.0,0.0,0.0,0.0,0.0,0.0,0.0,0.0,0.0,186.26579745019603,84,77,80,96,68,95,160,107,122,111,0.242988,0.1,0.100002,0.170363,0.1,0.100501,0.216675,0.1,0.1,0.100551
ALNS-TS,ALNS-TS | geometric | standard SA,True,False,geometric,False,0.99,12,30,,,,,,45,23734497819977.367,1348054184939.8884,25082552004917.254,0.0,0.9037769227196164,1.0,240982.89,64.41002619988285,0,0,0.0,0.22239352999535555,0.010964912280701754,0.349256494488996,0.08282047278920904,0.0,0.0,0.0,0.0,0.0,0.0,0.0,0.0,0.0,0.0,0.0,0.0,96,66,104,80,53,101,190,85,135,90,0.101068,0.1,0.162149,0.100069,0.1,0.153049,0.187022,0.100211,0.119218,0.107046
ALNS-TS,ALNS-TS | geometric | standard SA,True,False,geometric,False,0.99,12,30,,,,,,46,23849126396023.555,3368156517794.4297,27217282913817.984,0.0,0.9041468097156387,1.0,240982.89,59.407716300105676,0,0,0.0,0.209566324126842,0.010964912280701754,0.3493484041973179,0.09752439341106917,0.0,0.0,0.0,0.0,0.0,0.0,0.0,0.0,0.0,0.0,0.0,0.0,84,74,108,96,64,74,152,122,103,123,0.100526,0.1,0.13108,0.189294,0.1,0.100982,0.100218,0.10022,0.1,0.156264
ALNS-TS,ALNS-TS | geometric | standard SA,True,False,geometric,False,0.99,12,30,,,,,,47,23936223897442.082,2559308179640.5127,26495532077082.594,0.0,0.9046396644533391,1.0,240982.8899942998,57.896081699989736,0,0,0.0,0.22708649898718847,0.010964912280701754,0.34942509799291305,0.08049328900563485,0.0,0.0,0.0,0.0,0.0,0.0,0.0,0.0,0.0,0.0,0.0,0.0,74,60,107,98,49,112,180,97,127,96,0.224455,0.1,0.356613,0.213908,0.100001,0.16158,0.403703,0.105164,0.112733,0.150002
ALNS-TS,ALNS-TS | geometric | standard SA,True,False,geometric,False,0.99,12,30,,,,,,48,23726545345175.938,1751587124061.3123,25478132469237.25,0.0,0.9038917162041988,1.0,240982.89,59.70424890005961,0,0,0.0,0.1814923441779353,0.010964912280701754,0.34936877668072935,0.10567830062749237,0.0,0.0,0.0,0.0,0.0,0.0,0.0,0.0,0.0,0.0,0.0,0.0,78,69,118,90,63,82,156,114,106,124,0.100004,0.1,0.17581,0.170329,0.1,0.109438,0.1,0.141509,0.1,0.130422
ALNS-TS,ALNS-TS | geometric | standard SA,True,False,geometric,False,0.99,12,30,,,,,,49,25038343875219.633,2668623793142.704,27706967668362.336,28.356535515175295,0.9083262042943271,0.9999882305493412,240981.67976204611,72.69144350010902,28,2,21.150696873269,0.22399069685003464,0.010964912280701754,0.34892720064505334,0.08328550550790673,0.0,0.0,24.70439891383557,0.0,0.0,0.0,0.0,0.0,0.0,0.0,0.0,3.652136601339727,84,59,92,93,63,109,174,91,129,106,0.105407,0.1,0.171201,0.136589,0.1,0.271125,0.367935,0.100009,0.119798,0.10401
ALNS-TS,ALNS-TS | geometric | standard SA,True,False,geometric,False,0.99,12,30,,,,,,50,23645568858834.91,1952469423247.7705,25598038282082.68,0.0,0.9033151346389002,1.0,240982.88999999998,56.44999649981037,0,0,0.0,0.22152403417637878,0.010964912280701754,0.3499090977584603,0.08446834842748208,0.0,0.0,0.0,0.0,0.0,0.0,0.0,0.0,0.0,0.0,0.0,0.0,100,70,104,86,68,72,178,121,107,94,0.100869,0.1,0.100531,0.105267,0.1,0.167692,0.110438,0.1,0.100384,0.1
ALNS-PRS,ALNS-PRS | geometric | standard SA,False,True,geometric,False,0.99,12,30,True,30,0.09,0.05,0.35,1,24130151716381.227,2812394007314.1934,26942545723695.42,0.0,0.9053180833819764,1.0,240944.93890125744,33.86451260000467,0,0,0.0,0.21948511986401537,0.010964912280701754,0.34892937713084493,0.08646878370326379,0.0,0.0,0.0,0.0,0.0,0.0,0.0,0.0,0.0,0.0,0.0,0.0,81,55,119,103,69,73,175,135,88,102,0.177304,0.1,0.100975,0.105932,0.1,0.10021,0.150122,0.10059,0.1,0.100018
ALNS-PRS,ALNS-PRS | geometric | standard SA,False,True,geometric,False,0.99,12,30,True,30,0.09,0.05,0.35,2,23562148476810.07,1672940025802.8853,25235088502612.953,0.0,0.9031632235205458,1.0,240982.88998611932,38.729563399916515,0,0,0.0,0.22090889166278202,0.010964912280701754,0.3498893404012215,0.08684254876431186,0.0,0.0,0.0,0.0,0.0,0.0,0.0,0.0,0.0,0.0,0.0,0.0,87,70,111,78,68,86,205,96,108,91,0.102978,0.1,0.116979,0.13887,0.1,0.12314,0.10365,0.100001,0.12968,0.100001
ALNS-PRS,ALNS-PRS | geometric | standard SA,False,True,geometric,False,0.99,12,30,True,30,0.09,0.05,0.35,3,23531977689252.63,2066587041483.3618,25598564730735.992,4.955532195447349,0.9038727939781267,0.9999979431940256,239037.71708333338,33.09298660000786,28,2,2.8370131680384247,0.2227116483884394,0.010964912280701754,0.34930230693092873,0.08636549860087359,0.0,0.0,4.955532195447349,0.0,0.0,0.0,0.0,0.0,0.0,0.0,0.0,0.0,97,53,108,75,63,104,205,112,100,83,0.105324,0.100001,0.118435,0.105289,0.1,0.152097,0.125648,0.1,0.100315,0.1
ALNS-PRS,ALNS-PRS | geometric | standard SA,False,True,geometric,False,0.99,12,30,True,30,0.09,0.05,0.35,4,23328666404860.562,2079704203692.7207,25408370608553.28,0.0,0.9022140972096425,1.0,240982.89,37.28994489996694,0,0,0.0,0.22234624551467272,0.010964912280701754,0.34961968131479737,0.08636042622656097,0.0,0.0,0.0,0.0,0.0,0.0,0.0,0.0,0.0,0.0,0.0,0.0,105,70,90,87,68,80,152,115,113,120,0.423169,0.1,0.2711,0.100682,0.1,0.100067,0.560821,0.1,0.1,0.1
ALNS-PRS,ALNS-PRS | geometric | standard SA,False,True,geometric,False,0.99,12,30,True,30,0.09,0.05,0.35,5,23507083437584.008,2379816075049.2046,25886899512633.21,0.0,0.904247262958438,1.0,237727.72361359466,31.846091700019315,0,0,0.0,0.2227435880329965,0.010964912280701754,0.3499456271334739,0.08537834399730665,0.0,0.0,0.0,0.0,0.0,0.0,0.0,0.0,0.0,0.0,0.0,0.0,90,61,97,87,57,108,196,91,113,100,0.11006,0.100001,0.147292,0.100569,0.1,0.102425,0.110786,0.100017,0.105436,0.1
ALNS-PRS,ALNS-PRS | geometric | standard SA,False,True,geometric,False,0.99,12,30,True,30,0.09,0.05,0.35,6,23933179938507.723,2143179421455.453,26076359359963.176,0.0,0.904471027455314,1.0,240748.056,33.757470899960026,0,0,0.0,0.2280868578756641,0.010964912280701754,0.34954505069502007,0.08307350162185893,0.0,0.0,0.0,0.0,0.0,0.0,0.0,0.0,0.0,0.0,0.0,0.0,108,71,100,79,59,83,182,108,105,105,0.102511,0.1,0.100031,0.101723,0.1,0.100021,0.102015,0.100021,0.100002,0.1
ALNS-PRS,ALNS-PRS | geometric | standard SA,False,True,geometric,False,0.99,12,30,True,30,0.09,0.05,0.35,7,23619628246136.555,1502941832721.8032,25122570078858.36,0.0,0.9036295688082415,1.0,239957.12079166668,29.801998799899593,0,0,0.0,0.2225117041472666,0.010964912280701754,0.3499424242112124,0.07977920116409301,0.0,0.0,0.0,0.0,0.0,0.0,0.0,0.0,0.0,0.0,0.0,0.0,108,52,115,74,70,81,217,99,88,96,0.105933,0.1,0.131964,0.221662,0.1,0.13758,0.154227,0.128125,0.111865,0.1
ALNS-PRS,ALNS-PRS | geometric | standard SA,False,True,geometric,False,0.99,12,30,True,30,0.09,0.05,0.35,8,23703444923751.53,1941589875795.0137,25645034799546.543,0.0,0.903707406373841,1.0,240982.89,29.388855800032616,0,0,0.0,0.2233838483926163,0.010964912280701754,0.3497522290176538,0.07983744327001199,0.0,0.0,0.0,0.0,0.0,0.0,0.0,0.0,0.0,0.0,0.0,0.0,112,69,95,91,49,84,189,109,103,99,0.26925,0.1,0.100178,0.102753,0.100001,0.111894,0.273901,0.1,0.100051,0.1
ALNS-PRS,ALNS-PRS | geometric | standard SA,False,True,geometric,False,0.99,12,30,True,30,0.09,0.05,0.35,9,24053477066433.715,2061135139538.959,26114612205972.676,0.0,0.9048869326385737,1.0,240982.89,34.09162679989822,0,0,0.0,0.22800682962312596,0.010964912280701754,0.349564501165553,0.07604079072761784,0.0,0.0,0.0,0.0,0.0,0.0,0.0,0.0,0.0,0.0,0.0,0.0,97,69,87,104,60,83,187,99,103,111,0.148049,0.1,0.143337,0.100713,0.1,0.117383,0.126611,0.100018,0.105081,0.105281
ALNS-PRS,ALNS-PRS | geometric | standard SA,False,True,geometric,False,0.99,12,30,True,30,0.09,0.05,0.35,10,24446818903658.23,2413034385030.1445,26859853288688.375,0.0,0.9072036070372855,1.0,239077.14898550237,45.15360899991356,0,0,0.0,0.2203794346562386,0.010964912280701754,0.3488809197945958,0.08983492756817268,0.0,0.0,0.0,0.0,0.0,0.0,0.0,0.0,0.0,0.0,0.0,0.0,85,65,116,96,59,79,201,106,84,109,0.103187,0.100001,0.162149,0.100012,0.1,0.100146,0.118224,0.100002,0.100002,0.100003
ALNS-PRS,ALNS-PRS | geometric | standard SA,False,True,geometric,False,0.99,12,30,True,30,0.09,0.05,0.35,11,23791954871978.254,2275287762046.051,26067242634024.305,0.0,0.9047403218234159,1.0,238625.08303835968,29.512784299906343,0,0,0.0,0.19970730586334964,0.010964912280701754,0.3499618378029405,0.09964119492406427,0.0,0.0,0.0,0.0,0.0,0.0,0.0,0.0,0.0,0.0,0.0,0.0,95,74,90,85,63,93,162,110,106,122,0.100003,0.1,0.100403,0.100168,0.1,0.105106,0.1,0.1,0.1,0.102457
ALNS-PRS,ALNS-PRS | geometric | standard SA,False,True,geometric,False,0.99,12,30,True,30,0.09,0.05,0.35,12,24294154862797.824,2652838742113.9487,26946993604911.773,0.0,0.9058045789463693,1.0,240926.62709685953,27.647719900123775,0,0,0.0,0.22304638504119076,0.010964912280701754,0.3484244411702597,0.08518182051610614,0.0,0.0,0.0,0.0,0.0,0.0,0.0,0.0,0.0,0.0,0.0,0.0,98,70,111,83,51,87,184,100,112,104,0.174116,0.1,0.163259,0.167076,0.1,0.169118,0.20873,0.150501,0.128123,0.138288
ALNS-PRS,ALNS-PRS | geometric | standard SA,False,True,geometric,False,0.99,12,30,True,30,0.09,0.05,0.35,13,23752111769209.625,2457547468981.9697,26209659238191.598,2.6645352591003757e-15,0.9043700001999918,1.0,239648.85711830825,33.223967500030994,25,0,1.7763568394002505e-15,0.2205522871173774,0.010964912280701754,0.3496613513621473,0.08378091833294438,2.6645352591003757e-15,0.0,0.0,0.0,0.0,0.0,0.0,0.0,0.0,0.0,0.0,0.0,114,64,101,75,57,89,201,100,97,102,0.156505,0.1,0.110625,0.103666,0.1,0.116346,0.132086,0.1,0.101307,0.100002
ALNS-PRS,ALNS-PRS | geometric | standard SA,False,True,geometric,False,0.99,12,30,True,30,0.09,0.05,0.35,14,23650772685425.97,1700026468495.4463,25350799153921.414,0.0,0.9034319549763923,1.0,240982.4585186026,26.5243123001419,0,0,0.0,0.22723513012090837,0.010964912280701754,0.3490238819864151,0.07594257734095429,0.0,0.0,0.0,0.0,0.0,0.0,0.0,0.0,0.0,0.0,0.0,0.0,100,61,106,82,55,96,196,98,117,89,0.103783,0.1,0.102509,0.12473,0.1,0.10211,0.101303,0.100028,0.117616,0.100089
ALNS-PRS,ALNS-PRS | geometric | standard SA,False,True,geometric,False,0.99,12,30,True,30,0.09,0.05,0.35,15,23581409435999.383,2202822683924.98,25784232119924.363,0.0,0.9032924369294422,1.0,240982.89,28.035667899996042,0,0,0.0,0.22353161613775716,0.010964912280701754,0.34969505298376685,0.08531476825929947,0.0,0.0,0.0,0.0,0.0,0.0,0.0,0.0,0.0,0.0,0.0,0.0,112,53,97,93,60,85,215,101,92,92,0.260564,0.10004,0.211848,0.156189,0.1,0.100161,0.298375,0.100003,0.100011,0.1
ALNS-PRS,ALNS-PRS | geometric | standard SA,False,True,geometric,False,0.99,12,30,True,30,0.09,0.05,0.35,16,24561848837162.53,2819638207388.2295,27381487044550.758,3.552713678800501e-15,0.9070927019649774,1.0,240689.56633198628,33.113573299953714,2,1,3.552713678800501e-15,0.22383439988445078,0.010964912280701754,0.34848389310361044,0.07407149268731936,0.0,3.552713678800501e-15,0.0,0.0,0.0,0.0,0.0,0.0,0.0,0.0,0.0,0.0,114,52,88,100,55,91,189,120,99,92,0.104394,0.100001,0.102681,0.100075,0.1,0.102255,0.102618,0.100301,0.1,0.100002
ALNS-PRS,ALNS-PRS | geometric | standard SA,False,True,geometric,False,0.99,12,30,True,30,0.09,0.05,0.35,17,23692652118516.695,2001166253756.9502,25693818372273.645,6.661338147750939e-15,0.903498691163431,1.0,240982.89,33.754579100059345,37,0,3.552713678800501e-15,0.22944075682681533,0.010964912280701754,0.3488058877749956,0.07719077506643006,6.661338147750939e-15,0.0,0.0,0.0,0.0,0.0,0.0,0.0,0.0,0.0,0.0,0.0,102,77,83,100,53,85,194,104,114,88,0.102997,0.1,0.106216,0.100456,0.1,0.100055,0.100809,0.100005,0.100024,0.100001
ALNS-PRS,ALNS-PRS | geometric | standard SA,False,True,geometric,False,0.99,12,30,True,30,0.09,0.05,0.35,18,23743466952168.19,1609903424866.8557,25353370377035.047,0.0,0.9038187374869283,1.0,240978.90681420927,24.66294310009107,0,0,0.0,0.22496003867630412,0.010964912280701754,0.34993657255478233,0.08384655368926483,0.0,0.0,0.0,0.0,0.0,0.0,0.0,0.0,0.0,0.0,0.0,0.0,109,66,80,93,69,83,186,119,106,89,0.109882,0.1,0.117094,0.170238,0.1,0.105154,0.125918,0.10005,0.100001,0.13347
ALNS-PRS,ALNS-PRS | geometric | standard SA,False,True,geometric,False,0.99,12,30,True,30,0.09,0.05,0.35,19,23477227021313.133,1325823938940.0457,24803050960253.18,0.0,0.9028260983033284,1.0,240982.89,25.5203438999597,0,0,0.0,0.2287212239243298,0.010964912280701754,0.3495118254137256,0.08059883820068962,0.0,0.0,0.0,0.0,0.0,0.0,0.0,0.0,0.0,0.0,0.0,0.0,108,49,102,86,53,102,222,95,100,83,0.15284,0.100001,0.100446,0.101983,0.1,0.105686,0.121588,0.100648,0.10018,0.100501
ALNS-PRS,ALNS-PRS | geometric | standard SA,False,True,geometric,False,0.99,12,30,True,30,0.09,0.05,0.35,20,23841814065606.742,2123637802153.4893,25965451867760.23,0.0,0.9040152588842392,1.0,240858.8773835881,24.377541299909353,0,0,0.0,0.21942195354620134,0.010964912280701754,0.34983175466659816,0.0829455819520853,0.0,0.0,0.0,0.0,0.0,0.0,0.0,0.0,0.0,0.0,0.0,0.0,95,63,103,93,62,84,165,105,124,106,0.121414,0.100001,0.101719,0.115861,0.1,0.107149,0.114345,0.100005,0.106674,0.106696
ALNS-PRS,ALNS-PRS | geometric | standard SA,False,True,geometric,False,0.99,12,30,True,30,0.09,0.05,0.35,21,23561822324336.773,2299124135034.3857,25860946459371.156,0.0,0.903860066159178,1.0,238791.29617117508,25.413639899808913,0,0,0.0,0.2174418902621952,0.010964912280701754,0.34966474602149783,0.08878532926522519,0.0,0.0,0.0,0.0,0.0,0.0,0.0,0.0,0.0,0.0,0.0,0.0,85,71,112,104,59,69,151,101,110,138,0.139564,0.1,0.276736,0.102168,0.1,0.100021,0.132508,0.146427,0.100007,0.16201
ALNS-PRS,ALNS-PRS | geometric | standard SA,False,True,geometric,False,0.99,12,30,True,30,0.09,0.05,0.35,22,23389655233576.97,1283817724646.1726,24673472958223.14,0.0,0.9024594944166747,1.0,240982.89,35.83088420005515,0,0,0.0,0.22319826875078513,0.010964912280701754,0.3499658975957446,0.08612111732247744,0.0,0.0,0.0,0.0,0.0,0.0,0.0,0.0,0.0,0.0,0.0,0.0,87,76,104,89,68,76,169,111,108,112,0.112676,0.1,0.101011,0.100001,0.1,0.11605,0.128866,0.1,0.100891,0.1
ALNS-PRS,ALNS-PRS | geometric | standard SA,False,True,geometric,False,0.99,12,30,True,30,0.09,0.05,0.35,23,23429689411819.07,1451097011024.9395,24880786422844.008,0.0,0.9033766645262179,1.0,239077.14541666667,29.915775600122288,0,0,0.0,0.22087832326327198,0.010964912280701754,0.34870899831951063,0.08679538633938186,0.0,0.0,0.0,0.0,0.0,0.0,0.0,0.0,0.0,0.0,0.0,0.0,100,52,113,84,61,90,195,101,92,112,0.406402,0.100001,0.194245,0.100239,0.1,0.165389,0.379268,0.100012,0.140878,0.1
ALNS-PRS,ALNS-PRS | geometric | standard SA,False,True,geometric,False,0.99,12,30,True,30,0.09,0.05,0.35,24,23463453533307.94,3417239215992.9287,26880692749300.867,9.094947017729282e-13,0.90435111043179,1.0,237248.88876080132,25.723557999823242,9,0,9.094947017729282e-13,0.22273398523151594,0.010964912280701754,0.34957691832834925,0.08146575970835923,9.094947017729282e-13,0.0,0.0,0.0,0.0,0.0,0.0,0.0,0.0,0.0,0.0,0.0,87,55,106,92,58,102,173,97,106,124,0.186504,0.100001,0.107752,0.100087,0.1,0.106697,0.173466,0.100021,0.100001,0.100001
ALNS-PRS,ALNS-PRS | geometric | standard SA,False,True,geometric,False,0.99,12,30,True,30,0.09,0.05,0.35,25,23648106609915.066,2398808826195.5977,26046915436110.664,0.0,0.9042007813895383,1.0,239205.73317219564,23.827790000010282,0,0,0.0,0.22216873966291192,0.010964912280701754,0.34956596509028776,0.07998214764875924,0.0,0.0,0.0,0.0,0.0,0.0,0.0,0.0,0.0,0.0,0.0,0.0,107,60,111,77,66,79,204,102,112,82,0.131474,0.1,0.23525,0.114455,0.1,0.103156,0.238586,0.1,0.102817,0.100001
ALNS-PRS,ALNS-PRS | geometric | standard SA,False,True,geometric,False,0.99,12,30,True,30,0.09,0.05,0.35,26,23420821017292.727,2102492562024.9404,25523313579317.668,0.0,0.9037511895022127,1.0,238208.66181332903,24.353431499795988,0,0,0.0,0.22140975392600576,0.010964912280701754,0.3494749397028075,0.08691190431574794,0.0,0.0,0.0,0.0,0.0,0.0,0.0,0.0,0.0,0.0,0.0,0.0,81,68,114,92,54,91,189,98,105,108,0.100109,0.1,0.225414,0.107753,0.1,0.161336,0.173817,0.100891,0.128587,0.100001
ALNS-PRS,ALNS-PRS | geometric | standard SA,False,True,geometric,False,0.99,12,30,True,30,0.09,0.05,0.35,27,23279260648099.47,1430967646619.8584,24710228294719.33,2.2737367544323206e-13,0.9028714155360162,1.0,239077.14541666667,30.866426299791783,9,0,2.2737367544323206e-13,0.21346687532289582,0.010964912280701754,0.3497489906961251,0.08955826824123364,2.2737367544323206e-13,0.0,0.0,0.0,0.0,0.0,0.0,0.0,0.0,0.0,0.0,0.0,99,80,102,76,68,75,199,93,105,103,0.132374,0.1,0.179293,0.100212,0.1,0.116239,0.147671,0.1,0.100003,0.1
ALNS-PRS,ALNS-PRS | geometric | standard SA,False,True,geometric,False,0.99,12,30,True,30,0.09,0.05,0.35,28,23961679016420.84,2924585148601.8457,26886264165022.688,0.0,0.9046673421242358,1.0,240946.59140810888,27.774666500044987,0,0,0.0,0.23043954752484083,0.010964912280701754,0.34961465962777893,0.0791272703266485,0.0,0.0,0.0,0.0,0.0,0.0,0.0,0.0,0.0,0.0,0.0,0.0,100,59,96,88,57,100,197,81,118,104,0.126565,0.1,0.146432,0.225178,0.1,0.105643,0.256031,0.1,0.10001,0.1
ALNS-PRS,ALNS-PRS | geometric | standard SA,False,True,geometric,False,0.99,12,30,True,30,0.09,0.05,0.35,29,23428745413932.117,1953506167975.4646,25382251581907.58,0.0,0.904983365527042,1.0,235158.3000416667,25.61292099999264,0,0,0.0,0.219118446052586,0.010964912280701754,0.34885974475486914,0.0877181201912833,0.0,0.0,0.0,0.0,0.0,0.0,0.0,0.0,0.0,0.0,0.0,0.0,91,71,112,82,65,79,186,92,121,101,0.112918,0.1,0.169216,0.140843,0.1,0.108966,0.142413,0.1,0.100131,0.1
ALNS-PRS,ALNS-PRS | geometric | standard SA,False,True,geometric,False,0.99,12,30,True,30,0.09,0.05,0.35,30,23863840389060.918,2596547794389.3154,26460388183450.234,0.0,0.9047919374843506,1.0,239648.8687911909,37.128024799982086,0,0,0.0,0.2283800540998518,0.010964912280701754,0.34956119930266194,0.08233627107326356,0.0,0.0,0.0,0.0,0.0,0.0,0.0,0.0,0.0,0.0,0.0,0.0,95,78,98,87,52,90,171,96,118,115,0.163887,0.1,0.102116,0.100218,0.1,0.156498,0.134527,0.100004,0.10002,0.100001
ALNS-PRS,ALNS-PRS | geometric | standard SA,False,True,geometric,False,0.99,12,30,True,30,0.09,0.05,0.35,31,24809178636978.562,4641553889917.201,29450732526895.766,0.0,0.9080343100397417,1.0,240928.7372728916,44.534737799782306,0,0,0.0,0.2051494983549163,0.010964912280701754,0.3492368579106935,0.09666802146884837,0.0,0.0,0.0,0.0,0.0,0.0,0.0,0.0,0.0,0.0,0.0,0.0,74,69,107,92,66,92,156,117,111,116,0.103067,0.1,0.101201,0.102696,0.1,0.100041,0.100422,0.100172,0.100005,0.100037
ALNS-PRS,ALNS-PRS | geometric | standard SA,False,True,geometric,False,0.99,12,30,True,30,0.09,0.05,0.35,32,23838322623602.37,1760446970866.2056,25598769594468.574,0.0,0.9042534035721805,1.0,240589.6182628428,31.19943040004,0,0,0.0,0.2055618750420002,0.010964912280701754,0.3491280408166424,0.09604999167974854,0.0,0.0,0.0,0.0,0.0,0.0,0.0,0.0,0.0,0.0,0.0,0.0,85,70,120,70,67,88,138,107,120,135,0.122759,0.1,0.127227,0.139553,0.1,0.112243,0.141326,0.1,0.1,0.109387
ALNS-PRS,ALNS-PRS | geometric | standard SA,False,True,geometric,False,0.99,12,30,True,30,0.09,0.05,0.35,33,24176171143662.965,2848139219843.1123,27024310363506.08,0.0,0.90552176101261,1.0,240982.89,25.250172199914232,0,0,0.0,0.22421876148658046,0.010964912280701754,0.34998563612188044,0.0848379953489175,0.0,0.0,0.0,0.0,0.0,0.0,0.0,0.0,0.0,0.0,0.0,0.0,82,56,93,95,63,111,194,93,103,110,0.199341,0.100001,0.105318,0.100072,0.1,0.124305,0.142449,0.1,0.100029,0.1
ALNS-PRS,ALNS-PRS | geometric | standard SA,False,True,geometric,False,0.99,12,30,True,30,0.09,0.05,0.35,34,23925135616674.35,2333890684616.585,26259026301290.938,2.7755575615628914e-15,0.9043742499052067,1.0,240982.89,33.58988990006037,34,0,8.881784197001252e-16,0.21224113326110555,0.010964912280701754,0.3497201256632358,0.09301681100105746,2.3314683517128287e-15,0.0,4.440892098500626e-16,0.0,0.0,0.0,0.0,0.0,0.0,0.0,0.0,0.0,94,66,112,95,63,70,159,111,112,118,0.187594,0.1,0.178568,0.199399,0.1,0.100808,0.152046,0.100554,0.146493,0.100878
ALNS-PRS,ALNS-PRS | geometric | standard SA,False,True,geometric,False,0.99,12,30,True,30,0.09,0.05,0.35,35,23472371363521.836,1720988838541.0571,25193360202062.89,0.0,0.9028101133574137,1.0,240982.89,26.24922030000016,0,0,0.0,0.2270065223428678,0.010964912280701754,0.3496772671665334,0.07997207090389824,0.0,0.0,0.0,0.0,0.0,0.0,0.0,0.0,0.0,0.0,0.0,0.0,94,62,92,97,60,95,174,97,120,109,0.102965,0.100007,0.140855,0.10977,0.1,0.138321,0.117136,0.100066,0.10795,0.100025
ALNS-PRS,ALNS-PRS | geometric | standard SA,False,True,geometric,False,0.99,12,30,True,30,0.09,0.05,0.35,36,23269000425809.965,1289524807998.8809,24558525233808.848,4.440892098500626e-16,0.9027386153510832,1.0,239077.1454166667,23.024608899839222,34,2,4.440892098500626e-16,0.23042185422264191,0.010964912280701754,0.3491860128750356,0.07882609775756268,0.0,0.0,4.440892098500626e-16,0.0,0.0,0.0,0.0,0.0,0.0,0.0,0.0,0.0,87,64,115,81,60,93,176,112,114,98,0.125498,0.1,0.106576,0.225006,0.1,0.106945,0.229795,0.100001,0.10016,0.1
ALNS-PRS,ALNS-PRS | geometric | standard SA,False,True,geometric,False,0.99,12,30,True,30,0.09,0.05,0.35,37,23519914609583.043,1835187929201.3232,25355102538784.363,0.0,0.9030277008531671,1.0,240982.1135773599,23.877291499869898,0,0,0.0,0.23060975538967035,0.010964912280701754,0.34946162068046105,0.07778499785699332,0.0,0.0,0.0,0.0,0.0,0.0,0.0,0.0,0.0,0.0,0.0,0.0,94,66,97,85,57,101,187,98,118,97,0.100078,0.1,0.106158,0.101854,0.1,0.126115,0.101301,0.1,0.116709,0.100002
ALNS-PRS,ALNS-PRS | geometric | standard SA,False,True,geometric,False,0.99,12,30,True,30,0.09,0.05,0.35,38,23527622267894.305,1333562723982.0632,24861184991876.37,0.0,0.9030150971341042,1.0,240982.87451954777,25.252766699995846,0,0,0.0,0.2133223347565397,0.010964912280701754,0.34860357345155374,0.08854786610669163,0.0,0.0,0.0,0.0,0.0,0.0,0.0,0.0,0.0,0.0,0.0,0.0,67,73,121,91,68,80,160,112,117,111,0.100775,0.1,0.211127,0.102944,0.1,0.116263,0.128308,0.116834,0.1,0.16809
ALNS-PRS,ALNS-PRS | geometric | standard SA,False,True,geometric,False,0.99,12,30,True,30,0.09,0.05,0.35,39,23625154645503.492,2380054331233.5693,26005208976737.06,4.440892098500626e-16,0.9034201058221261,1.0,240982.89,22.56101609999314,34,2,4.440892098500626e-16,0.20086372005599867,0.010964912280701754,0.3497075605695462,0.1022468052452153,0.0,0.0,4.440892098500626e-16,0.0,0.0,0.0,0.0,0.0,0.0,0.0,0.0,0.0,66,52,118,98,63,103,174,101,101,124,0.232093,0.100001,0.137616,0.100091,0.1,0.100027,0.172707,0.11677,0.100001,0.109238
ALNS-PRS,ALNS-PRS | geometric | standard SA,False,True,geometric,False,0.99,12,30,True,30,0.09,0.05,0.35,40,24754898196946.332,3873883360706.294,28628781557652.625,0.0,0.9076340616273845,1.0,240982.61607792962,23.799766100011766,0,0,0.0,0.20933681201560242,0.010964912280701754,0.3497829437262878,0.0927456739518992,0.0,0.0,0.0,0.0,0.0,0.0,0.0,0.0,0.0,0.0,0.0,0.0,82,74,91,93,66,94,158,101,128,113,0.116688,0.1,0.109399,0.100033,0.1,0.100108,0.10396,0.100001,0.100001,0.11252
ALNS-PRS,ALNS-PRS | geometric | standard SA,False,True,geometric,False,0.99,12,30,True,30,0.09,0.05,0.35,41,24168746655386.508,2128543976840.534,26297290632227.04,1.3322676295501878e-15,0.9053353555547874,1.0,240981.23694550825,25.80354079999961,32,0,8.881784197001252e-16,0.22348664995423306,0.010964912280701754,0.3494482281514718,0.08596455892578324,1.3322676295501878e-15,0.0,0.0,0.0,0.0,0.0,0.0,0.0,0.0,0.0,0.0,0.0,85,65,110,82,63,95,176,102,111,111,0.105405,0.1,0.113415,0.11635,0.1,0.104822,0.123702,0.100002,0.1,0.1
ALNS-PRS,ALNS-PRS | geometric | standard SA,False,True,geometric,False,0.99,12,30,True,30,0.09,0.05,0.35,42,23886765000003.617,2635402045665.5576,26522167045669.17,0.0,0.9043834296624934,1.0,240982.89,24.46327790012583,0,0,0.0,0.22658063984274843,0.010964912280701754,0.34980800350111063,0.08445737291223879,0.0,0.0,0.0,0.0,0.0,0.0,0.0,0.0,0.0,0.0,0.0,0.0,75,72,129,77,46,101,180,111,109,100,0.128131,0.1,0.167882,0.103789,0.100002,0.106062,0.151225,0.100669,0.100125,0.1
ALNS-PRS,ALNS-PRS | geometric | standard SA,False,True,geometric,False,0.99,12,30,True,30,0.09,0.05,0.35,43,23847332073604.848,2783090891726.456,26630422965331.305,0.0,0.9043827210432265,1.0,240319.88293950522,24.87113959994167,0,0,0.0,0.22132542137975672,0.010964912280701754,0.3497344399142166,0.08165068610605798,0.0,0.0,0.0,0.0,0.0,0.0,0.0,0.0,0.0,0.0,0.0,0.0,91,59,106,96,54,94,181,111,127,81,0.193822,0.1,0.100731,0.14126,0.1,0.10415,0.215551,0.1,0.100237,0.1
ALNS-PRS,ALNS-PRS | geometric | standard SA,False,True,geometric,False,0.99,12,30,True,30,0.09,0.05,0.35,44,26610787919540.668,4948319551052.034,31559107470592.703,0.0017236838743173166,0.9142669492751343,0.9999999992845807,238302.36031821356,63.864040799904615,28,1,0.001010253376136916,0.17856856245073746,0.010964912280701754,0.34944528941034064,0.10686626554996972,0.0,0.0017236838743173166,0.0,0.0,0.0,0.0,0.0,0.0,0.0,0.0,0.0,0.0,74,77,98,90,86,75,137,109,130,124,0.1,0.1,0.1,0.1,0.1,0.1,0.1,0.1,0.1,0.1
ALNS-PRS,ALNS-PRS | geometric | standard SA,False,True,geometric,False,0.99,12,30,True,30,0.09,0.05,0.35,45,23425336112311.344,1653616461854.9512,25078952574166.297,0.0,0.9032575709402112,1.0,239366.05741666665,25.19337200000882,0,0,0.0,0.22973887946254534,0.010964912280701754,0.34963163315282403,0.08049325879046669,0.0,0.0,0.0,0.0,0.0,0.0,0.0,0.0,0.0,0.0,0.0,0.0,94,57,117,101,61,70,197,98,114,91,0.122967,0.1,0.234164,0.101271,0.1,0.10751,0.245693,0.1,0.100891,0.1
ALNS-PRS,ALNS-PRS | geometric | standard SA,False,True,geometric,False,0.99,12,30,True,30,0.09,0.05,0.35,46,23531550604714.63,2106989520434.014,25638540125148.64,0.0,0.9036689451793742,1.0,239385.7974166667,29.87817079992965,0,0,0.0,0.21888703956585284,0.010964912280701754,0.3493783549875912,0.08495631468502361,0.0,0.0,0.0,0.0,0.0,0.0,0.0,0.0,0.0,0.0,0.0,0.0,95,70,100,79,63,93,205,97,108,90,0.203011,0.1,0.250499,0.100913,0.1,0.279479,0.224052,0.1,0.102781,0.107039
ALNS-PRS,ALNS-PRS | geometric | standard SA,False,True,geometric,False,0.99,12,30,True,30,0.09,0.05,0.35,47,23341268302541.832,1307168075950.1465,24648436378491.977,4.440892098500626e-16,0.9028192828952224,1.0,239647.3326884526,25.073353700106964,34,2,4.440892098500626e-16,0.2263853511541871,0.010964912280701754,0.34989554595435923,0.07838340638129547,0.0,0.0,4.440892098500626e-16,0.0,0.0,0.0,0.0,0.0,0.0,0.0,0.0,0.0,132,42,91,98,53,84,216,89,101,94,0.16748,0.100007,0.159986,0.156479,0.1,0.121947,0.142202,0.100001,0.107853,0.100002
ALNS-PRS,ALNS-PRS | geometric | standard SA,False,True,geometric,False,0.99,12,30,True,30,0.09,0.05,0.35,48,23576221138277.625,2075704916587.6401,25651926054865.266,0.0,0.9040890357098295,1.0,239077.14541666667,30.8979440999683,0,0,0.0,0.21935861970253673,0.010964912280701754,0.3483505331155934,0.08082685779036995,0.0,0.0,0.0,0.0,0.0,0.0,0.0,0.0,0.0,0.0,0.0,0.0,95,61,103,79,68,94,192,111,102,95,0.100268,0.100157,0.10957,0.115845,0.1,0.100044,0.114152,0.1,0.100002,0.1
ALNS-PRS,ALNS-PRS | geometric | standard SA,False,True,geometric,False,0.99,12,30,True,30,0.09,0.05,0.35,49,23679996372386.438,1511066664337.0654,25191063036723.504,0.0,0.9034100913495997,1.0,240982.89,39.35543969995342,0,0,0.0,0.21726380022986144,0.010964912280701754,0.349745762424971,0.08474882266301821,0.0,0.0,0.0,0.0,0.0,0.0,0.0,0.0,0.0,0.0,0.0,0.0,102,63,120,84,54,77,194,100,108,98,0.100051,0.1,0.101416,0.101105,0.1,0.100351,0.100032,0.100089,0.100038,0.1
ALNS-PRS,ALNS-PRS | geometric | standard SA,False,True,geometric,False,0.99,12,30,True,30,0.09,0.05,0.35,50,25329850779200.13,3190164037231.6978,28520014816431.824,4.440892098500626e-16,0.9101704390590746,1.0,240088.72708597354,34.79368649981916,34,2,4.440892098500626e-16,0.20491798058950916,0.010964912280701754,0.3497249666785586,0.096692241595732,0.0,0.0,4.440892098500626e-16,0.0,0.0,0.0,0.0,0.0,0.0,0.0,0.0,0.0,82,69,97,98,71,83,142,100,132,126,0.152735,0.1,0.100038,0.100382,0.1,0.1,0.109386,0.100003,0.100012,0.1
ALNS,ALNS only | geometric | standard SA,False,False,geometric,False,0.99,12,30,,,,,,1,23548417128999.113,2435498701399.1465,25983915830398.258,0.0,0.9030547253889046,1.0,240982.89,11.131363300140947,0,0,0.0,0.22567161093640448,0.010964912280701754,0.3492746967093156,0.0821444566439402,0.0,0.0,0.0,0.0,0.0,0.0,0.0,0.0,0.0,0.0,0.0,0.0,89,63,101,110,54,83,182,107,106,105,0.225426,0.1,0.213305,0.169023,0.1,0.117159,0.25535,0.1,0.103754,0.102998
ALNS,ALNS only | geometric | standard SA,False,False,geometric,False,0.99,12,30,,,,,,2,24642189021170.61,2826034619120.036,27468223640290.65,0.0,0.9071490099654377,1.0,240982.89,15.77121189981699,0,0,0.0,0.20899898070710174,0.010964912280701754,0.3494094718811675,0.08802659617476445,0.0,0.0,0.0,0.0,0.0,0.0,0.0,0.0,0.0,0.0,0.0,0.0,91,56,100,84,69,100,165,116,92,127,0.107175,0.100001,0.107372,0.100056,0.1,0.100001,0.107766,0.100282,0.101584,0.100278
ALNS,ALNS only | geometric | standard SA,False,False,geometric,False,0.99,12,30,,,,,,3,23454779405784.84,1474727795288.037,24929507201072.875,0.0,0.9029473329499298,1.0,240376.986875,10.986007299972698,0,0,0.0,0.22885452943586113,0.010964912280701754,0.34982037856330356,0.07994150185042834,0.0,0.0,0.0,0.0,0.0,0.0,0.0,0.0,0.0,0.0,0.0,0.0,133,61,80,87,61,78,195,86,129,90,0.263343,0.1,0.105359,0.141619,0.1,0.100928,0.174285,0.100089,0.105316,0.102821
ALNS,ALNS only | geometric | standard SA,False,False,geometric,False,0.99,12,30,,,,,,4,24582781108543.77,2650946867108.725,27233727975652.496,0.0,0.9067956607595583,1.0,240669.59778779486,12.368113700067624,0,0,0.0,0.21535549207123725,0.010964912280701754,0.3493334270254548,0.09254638858359855,0.0,0.0,0.0,0.0,0.0,0.0,0.0,0.0,0.0,0.0,0.0,0.0,84,62,103,96,63,92,143,112,130,115,0.100566,0.1,0.327267,0.110366,0.1,0.105683,0.100062,0.103865,0.10076,0.399482
ALNS,ALNS only | geometric | standard SA,False,False,geometric,False,0.99,12,30,,,,,,5,24740911519881.348,3860216060528.658,28601127580410.008,369.9274695519999,0.9073577347833242,0.9998464606828322,240959.05,17.671061100205407,9,9,365.02710967472103,0.1960508914792966,0.010964912280701754,0.3493743433566627,0.10170470198759102,0.0,0.0,4.440892098500626e-16,0.0,0.0,0.0,5.684341886080802e-14,0.0,0.0,365.02710967472103,0.0,4.900359877278788,92,68,128,78,52,82,141,140,109,110,0.637888,0.1,0.180566,0.101305,0.1,0.171196,0.645166,0.100019,0.1,0.171247
ALNS,ALNS only | geometric | standard SA,False,False,geometric,False,0.99,12,30,,,,,,6,24395988415767.285,3289285414069.0693,27685273829836.355,0.0,0.9067376353238198,1.0,239799.614966242,11.900298099964857,0,0,0.0,0.2170322076100062,0.010964912280701754,0.34629097673104886,0.08816281017561073,0.0,0.0,0.0,0.0,0.0,0.0,0.0,0.0,0.0,0.0,0.0,0.0,104,55,102,77,63,99,178,114,104,104,0.103545,0.1,0.148365,0.100243,0.1,0.123513,0.117658,0.128125,0.1,0.137501
ALNS,ALNS only | geometric | standard SA,False,False,geometric,False,0.99,12,30,,,,,,7,23531531028174.34,1373106904402.0684,24904637932576.406,0.0,0.9028879574573448,1.0,240982.89,10.072476400062442,0,0,0.0,0.2310258886362387,0.010964912280701754,0.34981175109596313,0.07796685502492724,0.0,0.0,0.0,0.0,0.0,0.0,0.0,0.0,0.0,0.0,0.0,0.0,101,65,103,80,59,92,201,84,111,104,0.154365,0.1,0.116424,0.101673,0.1,0.100069,0.155088,0.1,0.100015,0.100038
ALNS,ALNS only | geometric | standard SA,False,False,geometric,False,0.99,12,30,,,,,,8,24002323298814.953,2230911586826.4106,26233234885641.363,0.0,0.90499581257806,1.0,240966.34,9.872000399976969,0,0,0.0,0.21460172148587572,0.010964912280701754,0.349515394216255,0.08601753450802882,0.0,0.0,0.0,0.0,0.0,0.0,0.0,0.0,0.0,0.0,0.0,0.0,82,61,116,90,74,77,168,126,108,98,0.141058,0.1,0.166591,0.110257,0.1,0.137812,0.188878,0.102458,0.1375,0.124942
ALNS,ALNS only | geometric | standard SA,False,False,geometric,False,0.99,12,30,,,,,,9,24232224780538.074,5090893767483.192,29323118548021.266,0.0,0.9062970451652211,1.0,239616.73019948535,12.3315933002159,0,0,0.0,0.19886071649328566,0.010964912280701754,0.3498499715762432,0.10114047702038911,0.0,0.0,0.0,0.0,0.0,0.0,0.0,0.0,0.0,0.0,0.0,0.0,74,68,120,82,78,78,134,139,121,106,0.11285,0.1,0.106251,0.113893,0.1,0.102828,0.115859,0.100004,0.100668,0.1
ALNS,ALNS only | geometric | standard SA,False,False,geometric,False,0.99,12,30,,,,,,10,23459475033670.63,2062397986983.2705,25521873020653.9,0.0,0.9028672991303277,1.0,240689.279375,11.34426309983246,0,0,0.0,0.22928729505853634,0.010964912280701754,0.34990752234986144,0.08224472514129216,0.0,0.0,0.0,0.0,0.0,0.0,0.0,0.0,0.0,0.0,0.0,0.0,114,72,88,74,63,89,167,123,100,110,0.106326,0.1,0.109408,0.107135,0.1,0.100056,0.10459,0.1,0.1,0.1
ALNS,ALNS only | geometric | standard SA,False,False,geometric,False,0.99,12,30,,,,,,11,23355104674135.02,1488573486335.269,24843678160470.29,0.0,0.9023361931196752,1.0,240982.89,10.635524699930102,0,0,0.0,0.2200709020879861,0.010964912280701754,0.3479000883979348,0.07923695955935964,0.0,0.0,0.0,0.0,0.0,0.0,0.0,0.0,0.0,0.0,0.0,0.0,95,71,101,95,63,75,192,97,112,99,0.223143,0.1,0.212536,0.12826,0.1,0.150501,0.27551,0.1,0.150014,0.1
ALNS,ALNS only | geometric | standard SA,False,False,geometric,False,0.99,12,30,,,,,,12,23870834897170.887,1943229078291.8904,25814063975462.777,0.0,0.9041879695528111,1.0,240965.57208070476,10.682749400148168,0,0,0.0,0.22397873257159978,0.010964912280701754,0.34791375316842066,0.07951303714681007,0.0,0.0,0.0,0.0,0.0,0.0,0.0,0.0,0.0,0.0,0.0,0.0,102,55,109,81,61,92,206,84,111,99,0.105464,0.1,0.247248,0.101493,0.1,0.109747,0.239483,0.1,0.100005,0.100002
ALNS,ALNS only | geometric | standard SA,False,False,geometric,False,0.99,12,30,,,,,,13,23404044987669.11,1332496924379.0933,24736541912048.203,0.0,0.9025529542210053,1.0,240982.89,9.976394699886441,0,0,0.0,0.2242693476050312,0.010964912280701754,0.349424131148274,0.07662386775518855,0.0,0.0,0.0,0.0,0.0,0.0,0.0,0.0,0.0,0.0,0.0,0.0,94,61,90,110,61,84,184,106,121,89,0.10114,0.100001,0.319077,0.117251,0.1,0.165891,0.287505,0.102816,0.100282,0.122247
ALNS,ALNS only | geometric | standard SA,False,False,geometric,False,0.99,12,30,,,,,,14,23807354713529.14,1925763236774.838,25733117950303.98,0.0,0.9039509135833788,1.0,240982.52463393117,9.894911299925297,0,0,0.0,0.23019272841362276,0.010964912280701754,0.3483752086294303,0.08157910890707361,0.0,0.0,0.0,0.0,0.0,0.0,0.0,0.0,0.0,0.0,0.0,0.0,103,64,107,79,61,86,210,83,112,95,0.114589,0.1,0.219277,0.130676,0.1,0.150971,0.175011,0.100001,0.100174,0.100005
ALNS,ALNS only | geometric | standard SA,False,False,geometric,False,0.99,12,30,,,,,,15,24795368369088.223,2113422800471.9739,26908791169560.195,0.0,0.90755395441766,1.0,240759.43794649479,10.4851813998539,0,0,0.0,0.2200880216409489,0.010964912280701754,0.34932578109731144,0.08712864960837147,0.0,0.0,0.0,0.0,0.0,0.0,0.0,0.0,0.0,0.0,0.0,0.0,85,61,113,92,62,87,186,102,115,97,0.360975,0.1,0.725396,0.110769,0.1,0.170588,0.861456,0.101307,0.100874,0.100012
ALNS,ALNS only | geometric | standard SA,False,False,geometric,False,0.99,12,30,,,,,,16,24509550469998.09,2795198289260.836,27304748759258.926,0.0,0.906620093565912,1.0,240982.76849686462,12.913115700008348,0,0,0.0,0.21721079045461555,0.010964912280701754,0.3492601764573968,0.08845410956042837,0.0,0.0,0.0,0.0,0.0,0.0,0.0,0.0,0.0,0.0,0.0,0.0,80,75,97,103,58,87,151,113,112,124,0.22657,0.1,0.100987,0.100124,0.1,0.171192,0.140051,0.171195,0.1,0.100003
ALNS,ALNS only | geometric | standard SA,False,False,geometric,False,0.99,12,30,,,,,,17,23595293439805.066,2200137159052.576,25795430598857.645,0.0,0.903354423944873,1.0,240448.06083333332,9.65857130009681,0,0,0.0,0.22303286139864018,0.010964912280701754,0.3499351879155892,0.0803870125388818,0.0,0.0,0.0,0.0,0.0,0.0,0.0,0.0,0.0,0.0,0.0,0.0,69,64,115,71,69,112,199,99,115,87,0.122545,0.1,0.158761,0.258431,0.1,0.18226,0.317692,0.1089,0.146936,0.1
ALNS,ALNS only | geometric | standard SA,False,False,geometric,False,0.99,12,30,,,,,,18,25908735039849.773,4573620118770.998,30482355158620.77,444.29724561461194,0.9117129986865739,0.9998155933221348,240954.08213330788,12.258293599821627,9,0,389.29888468915544,0.19572015621591277,0.010964912280701754,0.34923517462588216,0.10794453734276796,444.29724561461194,0.0,0.0,0.0,0.0,0.0,0.0,0.0,0.0,0.0,0.0,0.0,91,55,89,96,71,98,129,106,115,150,0.10004,0.1,0.291811,0.104967,0.1,0.1094,0.10003,0.1,0.1,0.275292
ALNS,ALNS only | geometric | standard SA,False,False,geometric,False,0.99,12,30,,,,,,19,24546937226841.65,2401866671373.9893,26948803898215.64,0.0,0.9069290650362914,1.0,240434.25149085006,9.844257700024173,0,0,0.0,0.21297652053719873,0.010964912280701754,0.3486337610970547,0.09060390818276914,0.0,0.0,0.0,0.0,0.0,0.0,0.0,0.0,0.0,0.0,0.0,0.0,89,62,102,105,63,79,201,91,92,116,0.237009,0.1,0.325172,0.137657,0.1,0.137502,0.264897,0.1,0.100002,0.100023
ALNS,ALNS only | geometric | standard SA,False,False,geometric,False,0.99,12,30,,,,,,20,24003569762930.52,2139766023845.9185,26143335786776.438,0.0,0.9051014531887135,1.0,240079.07931595694,9.66182279982604,0,0,0.0,0.2103875338809416,0.010964912280701754,0.34985367014970414,0.09157778016681696,0.0,0.0,0.0,0.0,0.0,0.0,0.0,0.0,0.0,0.0,0.0,0.0,105,67,110,57,58,103,203,106,97,94,0.132214,0.1,0.106997,0.1012,0.1,0.101873,0.114306,0.100004,0.101256,0.100028
ALNS,ALNS only | geometric | standard SA,False,False,geometric,False,0.99,12,30,,,,,,21,24963943881488.383,2801069688237.7773,27765013569726.16,0.0,0.9080176008615369,1.0,240731.74792113627,10.295261000050232,0,0,0.0,0.22701047932307689,0.010964912280701754,0.3499620427958151,0.08501997888455819,0.0,0.0,0.0,0.0,0.0,0.0,0.0,0.0,0.0,0.0,0.0,0.0,83,62,136,67,61,91,199,87,111,103,0.313631,0.1,0.272204,0.137851,0.1,0.103315,0.336385,0.102776,0.101221,0.1
ALNS,ALNS only | geometric | standard SA,False,False,geometric,False,0.99,12,30,,,,,,22,23610506938195.785,2006140659779.6821,25616647597975.47,0.0,0.9033200742866131,1.0,240977.3847196285,9.641687399940565,0,0,0.0,0.21979427298004725,0.010964912280701754,0.3491629565893484,0.08663875007192764,0.0,0.0,0.0,0.0,0.0,0.0,0.0,0.0,0.0,0.0,0.0,0.0,110,62,108,78,56,86,199,110,87,104,0.129391,0.1,0.105417,0.121685,0.1,0.103185,0.109847,0.100323,0.116908,0.1
ALNS,ALNS only | geometric | standard SA,False,False,geometric,False,0.99,12,30,,,,,,23,23684085709404.055,3165779193005.7607,26849864902409.816,0.0,0.9036479699463459,1.0,240982.89,10.380643700016662,0,0,0.0,0.2205673956946821,0.010964912280701754,0.3498132542879977,0.08997145313463355,0.0,0.0,0.0,0.0,0.0,0.0,0.0,0.0,0.0,0.0,0.0,0.0,97,68,103,96,55,81,188,105,101,106,0.104108,0.100001,0.112797,0.114078,0.1,0.174786,0.117184,0.100073,0.128192,0.1
ALNS,ALNS only | geometric | standard SA,False,False,geometric,False,0.99,12,30,,,,,,24,23462776902809.68,1915518901185.84,25378295803995.52,0.0,0.9027669623352569,1.0,240982.89,10.705558399902657,0,0,0.0,0.21322890274284673,0.010964912280701754,0.3491075505815817,0.08742708864185765,0.0,0.0,0.0,0.0,0.0,0.0,0.0,0.0,0.0,0.0,0.0,0.0,77,74,84,106,62,97,168,108,122,102,0.170795,0.100003,0.100151,0.183569,0.1,0.197042,0.210895,0.1,0.226593,0.1
ALNS,ALNS only | geometric | standard SA,False,False,geometric,False,0.99,12,30,,,,,,25,23542837300191.07,2007034258750.4255,25549871558941.496,0.0,0.9038708539182262,1.0,239077.1454166667,10.222085099900141,0,0,0.0,0.2221474579200542,0.010964912280701754,0.34976756753322696,0.08499940713354681,0.0,0.0,0.0,0.0,0.0,0.0,0.0,0.0,0.0,0.0,0.0,0.0,119,62,103,66,59,91,195,109,99,97,0.159868,0.1,0.111209,0.326872,0.1,0.103037,0.340542,0.1,0.100747,0.1
ALNS,ALNS only | geometric | standard SA,False,False,geometric,False,0.99,12,30,,,,,,26,23592409972726.508,1601748151589.3086,25194158124315.816,0.0,0.9032885739162094,1.0,240766.39770833336,9.005085399840027,0,0,0.0,0.22473503478091594,0.010964912280701754,0.34930173474780235,0.08190955891132021,0.0,0.0,0.0,0.0,0.0,0.0,0.0,0.0,0.0,0.0,0.0,0.0,113,54,100,85,59,89,204,91,114,91,0.118993,0.1,0.104745,0.100809,0.1,0.102153,0.133181,0.100117,0.100095,0.1
ALNS,ALNS only | geometric | standard SA,False,False,geometric,False,0.99,12,30,,,,,,27,23844699318802.312,2769281628866.243,26613980947668.555,0.0,0.9042513487904587,1.0,240960.2001900102,9.609005199978128,0,0,0.0,0.22148164152976443,0.010964912280701754,0.3499450491285224,0.08538456353839914,0.0,0.0,0.0,0.0,0.0,0.0,0.0,0.0,0.0,0.0,0.0,0.0,90,58,110,93,59,90,175,100,118,107,0.269539,0.100001,0.100475,0.117386,0.1,0.123501,0.348964,0.100001,0.10389,0.100001
ALNS,ALNS only | geometric | standard SA,False,False,geometric,False,0.99,12,30,,,,,,28,24916096882919.355,2261337905680.349,27177434788599.707,0.0,0.9079534051198996,1.0,240982.89,10.624130300013348,0,0,0.0,0.20823123410476957,0.010964912280701754,0.34994168222371125,0.1018729091189133,0.0,0.0,0.0,0.0,0.0,0.0,0.0,0.0,0.0,0.0,0.0,0.0,93,67,104,91,57,88,181,96,114,109,0.13427,0.1,0.406748,0.101897,0.1,0.100085,0.314435,0.100068,0.101789,0.100183
ALNS,ALNS only | geometric | standard SA,False,False,geometric,False,0.99,12,30,,,,,,29,23628940932848.34,1778976823956.3489,25407917756804.688,4.440892098500626e-16,0.903885282364024,1.0,239648.86879166667,9.747831200016662,34,2,4.440892098500626e-16,0.2179474498066345,0.010964912280701754,0.3498620170020598,0.08921730302780387,0.0,0.0,4.440892098500626e-16,0.0,0.0,0.0,0.0,0.0,0.0,0.0,0.0,0.0,99,52,123,82,54,90,208,89,100,103,0.25136,0.1,0.194673,0.118703,0.1,0.128161,0.265566,0.128125,0.1,0.1
ALNS,ALNS only | geometric | standard SA,False,False,geometric,False,0.99,12,30,,,,,,30,23393766648446.324,1797442154148.177,25191208802594.5,0.0,0.9032897619760567,1.0,239096.50429166664,9.631713300012052,0,0,0.0,0.2284080861444831,0.010964912280701754,0.34968910181573754,0.0798240877642691,0.0,0.0,0.0,0.0,0.0,0.0,0.0,0.0,0.0,0.0,0.0,0.0,77,64,108,99,59,93,173,111,116,100,0.100023,0.1,0.154484,0.200284,0.1,0.103449,0.128879,0.102091,0.103373,0.100535
ALNS,ALNS only | geometric | standard SA,False,False,geometric,False,0.99,12,30,,,,,,31,23600049236321.418,1684493952291.9666,25284543188613.383,4.440892098500626e-16,0.9031798975032143,1.0,240977.22814610647,9.398393200011924,34,2,4.440892098500626e-16,0.2290309981218809,0.010964912280701754,0.3498304523741317,0.08120958718647159,0.0,0.0,4.440892098500626e-16,0.0,0.0,0.0,0.0,0.0,0.0,0.0,0.0,0.0,85,55,126,76,61,97,181,98,126,95,0.101095,0.1,0.217074,0.105087,0.1,0.100601,0.169841,0.100005,0.100087,0.1
ALNS,ALNS only | geometric | standard SA,False,False,geometric,False,0.99,12,30,,,,,,32,24699619296556.902,3323014855425.1016,28022634151982.004,0.0,0.9081976624050433,1.0,239126.64467532877,11.054607899859548,0,0,0.0,0.21175048540235591,0.010964912280701754,0.3489517113784854,0.09662601486725556,0.0,0.0,0.0,0.0,0.0,0.0,0.0,0.0,0.0,0.0,0.0,0.0,99,56,103,93,69,80,177,99,118,106,0.109901,0.1,0.232203,0.100161,0.1,0.100008,0.175326,0.109579,0.1,0.105255
ALNS,ALNS only | geometric | standard SA,False,False,geometric,False,0.99,12,30,,,,,,33,24823405248370.3,2384106021374.811,27207511269745.113,0.0,0.9075920517565857,1.0,240965.7463596637,10.698424200061709,0,0,0.0,0.2169672098493284,0.010964912280701754,0.34938385942262806,0.08257080191170972,0.0,0.0,0.0,0.0,0.0,0.0,0.0,0.0,0.0,0.0,0.0,0.0,94,57,111,83,60,95,207,89,104,100,0.12483,0.1,0.177639,0.100049,0.1,0.137628,0.187177,0.100119,0.128128,0.100896
ALNS,ALNS only | geometric | standard SA,False,False,geometric,False,0.99,12,30,,,,,,34,23776584270288.27,1952970272946.1274,25729554543234.395,0.0,0.9040045778828527,1.0,240607.50286947735,10.208547199843451,0,0,0.0,0.21604671894442398,0.010964912280701754,0.3497307206311232,0.09007959029445951,0.0,0.0,0.0,0.0,0.0,0.0,0.0,0.0,0.0,0.0,0.0,0.0,69,64,117,122,52,76,170,96,129,105,0.100719,0.1,0.128656,0.154111,0.1,0.110814,0.156176,0.100023,0.100534,0.105349
ALNS,ALNS only | geometric | standard SA,False,False,geometric,False,0.99,12,30,,,,,,35,23773158468288.133,2094496427593.6426,25867654895881.773,0.0,0.9051704465663236,1.0,237627.87644060576,10.056022700155154,0,0,0.0,0.21810939755834527,0.010964912280701754,0.34976569895571175,0.08611011433556366,0.0,0.0,0.0,0.0,0.0,0.0,0.0,0.0,0.0,0.0,0.0,0.0,79,70,114,84,62,91,186,90,116,108,0.41145,0.1,0.231621,0.10714,0.1,0.105727,0.304675,0.1,0.10015,0.100034
ALNS,ALNS only | geometric | standard SA,False,False,geometric,False,0.99,12,30,,,,,,36,23627296403375.195,1707917077341.6143,25335213480716.81,4.440892098500626e-16,0.9035967781983003,1.0,240463.97169017786,9.565528500126675,34,2,4.440892098500626e-16,0.2211731963926178,0.010964912280701754,0.3499166716625164,0.08965870243772807,0.0,0.0,4.440892098500626e-16,0.0,0.0,0.0,0.0,0.0,0.0,0.0,0.0,0.0,93,62,102,81,71,91,175,107,117,101,0.144445,0.1,0.129692,0.100004,0.1,0.100038,0.139315,0.1,0.1,0.1
ALNS,ALNS only | geometric | standard SA,False,False,geometric,False,0.99,12,30,,,,,,37,23708477747996.453,1886288791335.1543,25594766539331.605,0.0,0.9038909973263729,1.0,240982.89,8.79071700014174,0,0,0.0,0.22897106804854325,0.010964912280701754,0.3492226282022113,0.08139757279018757,0.0,0.0,0.0,0.0,0.0,0.0,0.0,0.0,0.0,0.0,0.0,0.0,86,51,110,96,50,107,181,102,134,83,0.10067,0.100001,0.183475,0.118453,0.100001,0.157069,0.250643,0.10001,0.103913,0.178125
ALNS,ALNS only | geometric | standard SA,False,False,geometric,False,0.99,12,30,,,,,,38,23722777623957.176,1537101690362.772,25259879314319.95,2.0118620683448647,0.9037298389694352,0.99999916497164,240659.74092436972,10.44285609992221,26,10,2.0118620683448647,0.21206842216618846,0.010964912280701754,0.3491949196120196,0.08658952208472623,0.0,0.0,0.0,0.0,0.0,0.0,0.0,0.0,0.0,0.0,2.0118620683448647,0.0,126,63,103,70,73,65,213,69,119,99,0.115041,0.1,0.122756,0.151132,0.1,0.138861,0.138528,0.100175,0.115821,0.110186
ALNS,ALNS only | geometric | standard SA,False,False,geometric,False,0.99,12,30,,,,,,39,24137051681634.62,2500529593767.144,26637581275401.766,0.0,0.9052270404674593,1.0,240982.89,11.706023500068113,0,0,0.0,0.22183274770001135,0.010964912280701754,0.3491489343573303,0.08532586703879923,0.0,0.0,0.0,0.0,0.0,0.0,0.0,0.0,0.0,0.0,0.0,0.0,109,56,104,88,48,95,179,105,99,117,0.116801,0.1,0.153323,0.103245,0.100001,0.1001,0.136165,0.100001,0.100044,0.100094
ALNS,ALNS only | geometric | standard SA,False,False,geometric,False,0.99,12,30,,,,,,40,25019579323513.293,2745487419564.4565,27765066743077.746,0.0,0.908435252627209,1.0,240669.62881469127,12.093266400042921,0,0,0.0,0.22443461736154324,0.010964912280701754,0.3497572174280002,0.09026642324517123,0.0,0.0,0.0,0.0,0.0,0.0,0.0,0.0,0.0,0.0,0.0,0.0,106,70,109,80,46,89,201,103,103,93,0.183029,0.1,0.110153,0.277657,0.100002,0.103367,0.272634,0.100867,0.108921,0.100668
ALNS,ALNS only | geometric | standard SA,False,False,geometric,False,0.99,12,30,,,,,,41,23932983089532.77,2148809145967.38,26081792235500.15,5.972999872483342e-14,0.9043964251220058,1.0,240971.03250000003,9.316789099946618,31,1,5.684341886080802e-14,0.2259320452858134,0.010964912280701754,0.3493458349554774,0.08458522226338186,0.0,5.972999872483342e-14,0.0,0.0,0.0,0.0,0.0,0.0,0.0,0.0,0.0,0.0,87,64,95,115,55,84,177,109,108,106,0.107851,0.1,0.103185,0.119447,0.1,0.123018,0.100205,0.115822,0.106131,0.115821
ALNS,ALNS only | geometric | standard SA,False,False,geometric,False,0.99,12,30,,,,,,42,24185990974427.7,3097454231425.735,27283445205853.434,0.0,0.9052837831931768,1.0,240982.88999708384,10.862110799876973,0,0,0.0,0.2138676751044959,0.010964912280701754,0.3487045046291686,0.09598646042710732,0.0,0.0,0.0,0.0,0.0,0.0,0.0,0.0,0.0,0.0,0.0,0.0,78,75,99,98,54,96,169,100,106,125,0.100404,0.1,0.347526,0.110065,0.1,0.137621,0.365809,0.1,0.116686,0.100211
ALNS,ALNS only | geometric | standard SA,False,False,geometric,False,0.99,12,30,,,,,,43,23741942486262.453,2146308085857.6704,25888250572120.12,0.0,0.9038576684229072,1.0,240982.89,9.457021199865267,0,0,0.0,0.21725759522167418,0.010964912280701754,0.3494860582654439,0.08685653159249725,0.0,0.0,0.0,0.0,0.0,0.0,0.0,0.0,0.0,0.0,0.0,0.0,94,61,83,75,72,115,189,104,111,96,0.115453,0.100007,0.194988,0.159415,0.1,0.135862,0.149041,0.100668,0.10018,0.100714
ALNS,ALNS only | geometric | standard SA,False,False,geometric,False,0.99,12,30,,,,,,44,24031559393703.46,2134978631899.8296,26166538025603.29,4.440892098500626e-16,0.905168633359752,1.0,240435.58600496038,13.066328499931842,34,2,4.440892098500626e-16,0.21529941289539176,0.010964912280701754,0.3492429206095494,0.09179657800516595,0.0,0.0,4.440892098500626e-16,0.0,0.0,0.0,0.0,0.0,0.0,0.0,0.0,0.0,98,74,92,85,71,80,128,122,116,134,0.122783,0.1,0.119554,0.10067,0.1,0.100067,0.111094,0.112564,0.1,0.100002
ALNS,ALNS only | geometric | standard SA,False,False,geometric,False,0.99,12,30,,,,,,45,23656683843752.703,1839309648738.7524,25495993492491.457,4.440892098500626e-16,0.903356366906205,1.0,240982.89,9.617522099986672,34,2,4.440892098500626e-16,0.2146709368654997,0.010964912280701754,0.3497375326851694,0.08408414993925037,0.0,0.0,4.440892098500626e-16,0.0,0.0,0.0,0.0,0.0,0.0,0.0,0.0,0.0,106,64,119,74,67,70,192,97,102,109,0.105054,0.1,0.106416,0.103947,0.1,0.123885,0.104825,0.100531,0.122495,0.1
ALNS,ALNS only | geometric | standard SA,False,False,geometric,False,0.99,12,30,,,,,,46,24139241491878.34,2513871438488.974,26653112930367.316,4.440892098500626e-15,0.9051721797412824,1.0,240823.67678301147,9.227024800144136,32,0,1.7763568394002505e-15,0.22552017500136687,0.010964912280701754,0.3489902520904777,0.08003302364776581,4.440892098500626e-15,0.0,0.0,0.0,0.0,0.0,0.0,0.0,0.0,0.0,0.0,0.0,95,76,88,91,61,89,195,97,113,95,0.131613,0.1,0.109912,0.122732,0.1,0.100891,0.104511,0.1,0.100223,0.1
ALNS,ALNS only | geometric | standard SA,False,False,geometric,False,0.99,12,30,,,,,,47,23397806191099.387,1686359489909.3623,25084165681008.75,0.0,0.903465370538364,1.0,238742.71708333338,10.513974800007418,0,0,0.0,0.22415430568423328,0.010964912280701754,0.3499856526361879,0.08660243338698788,0.0,0.0,0.0,0.0,0.0,0.0,0.0,0.0,0.0,0.0,0.0,0.0,89,68,96,94,66,87,179,105,108,108,0.11391,0.1,0.155793,0.10003,0.1,0.101214,0.169479,0.1,0.100228,0.100001
ALNS,ALNS only | geometric | standard SA,False,False,geometric,False,0.99,12,30,,,,,,48,23595077067217.348,1777476791618.92,25372553858836.266,0.0,0.904147388947743,1.0,238742.6728295778,10.134021499892697,0,0,0.0,0.2235343717453767,0.010964912280701754,0.3499520395843607,0.08961841013225319,0.0,0.0,0.0,0.0,0.0,0.0,0.0,0.0,0.0,0.0,0.0,0.0,87,65,116,101,58,73,196,97,107,100,0.113271,0.1,0.13834,0.102233,0.1,0.100623,0.123823,0.100038,0.100053,0.100001
ALNS,ALNS only | geometric | standard SA,False,False,geometric,False,0.99,12,30,,,,,,49,23892482485014.887,2264947317586.3057,26157429802601.19,0.0,0.9043825373801223,1.0,240982.89,10.618524300167337,0,0,0.0,0.22314946389009827,0.010964912280701754,0.34937912555552864,0.0834061814522014,0.0,0.0,0.0,0.0,0.0,0.0,0.0,0.0,0.0,0.0,0.0,0.0,86,64,107,85,61,97,204,96,103,97,0.139281,0.1,0.130921,0.105301,0.1,0.142033,0.136101,0.100213,0.100017,0.100001
ALNS,ALNS only | geometric | standard SA,False,False,geometric,False,0.99,12,30,,,,,,50,23663209844531.754,1949990733144.18,25613200577675.934,0.0,0.9035735367859625,1.0,240982.89,8.905270999995992,0,0,0.0,0.21916501994996243,0.010964912280701754,0.34977508681810504,0.08424946201861637,0.0,0.0,0.0,0.0,0.0,0.0,0.0,0.0,0.0,0.0,0.0,0.0,87,60,123,81,51,98,202,94,112,92,0.24749,0.1,0.114087,0.142562,0.1,0.105417,0.28632,0.10276,0.100944,0.100004
